,month_year,cbsa_code,site,aqi
1221,12-2016,47220,0007,33.48275862068966
1170,12-2016,19820,0093,51.310344827586206
1146,12-2016,16980,3301,35.333333333333336
1147,12-2016,16980,4002,20.833333333333332
1148,12-2016,16980,4007,42.76190476190476
1149,12-2016,16980,4201,40.891891891891895
1150,12-2016,16980,6005,22.8
1151,12-2016,17460,0004,37.55555555555556
1152,12-2016,17460,0007,33.25
1153,12-2016,17460,0034,37.9
1154,12-2016,17460,0038,45.5
1155,12-2016,17460,0045,44.9
1156,12-2016,17460,0060,44.6
1157,12-2016,17460,0065,45.9
1158,12-2016,17460,1002,36.3
1159,12-2016,17460,3002,36.30769230769231
1160,12-2016,19820,0001,39.575
1161,12-2016,19820,0005,37.3
1162,12-2016,19820,0009,36.3
1163,12-2016,19820,0015,49.3
1164,12-2016,19820,0016,43.6
1165,12-2016,19820,0019,40.4
1166,12-2016,19820,0025,30.375
1167,12-2016,19820,0033,51.733333333333334
1168,12-2016,19820,0036,42.875
1144,12-2016,16980,2004,30.8
1143,12-2016,16980,1016,32.57142857142857
1142,12-2016,16980,1011,34.37931034482759
1129,12-2016,16980,0001,22.6
1119,12-2016,10300,0007,40.6
1120,12-2016,10420,0002,41.142857142857146
1121,12-2016,10420,0017,39.91111111111111
1122,12-2016,10420,0023,37.55555555555556
1123,12-2016,11460,0008,33.166666666666664
1124,12-2016,12100,0006,26.88888888888889
1125,12-2016,12100,1006,34.1
1126,12-2016,15180,0006,30.333333333333332
1127,12-2016,15940,0017,40.36363636363637
1128,12-2016,15940,0020,36.5
1130,12-2016,16980,0003,31.77777777777778
1141,12-2016,16980,1002,29.0
1131,12-2016,16980,0006,32.8
1132,12-2016,16980,0007,28.375
1133,12-2016,16980,0019,32.0
1134,12-2016,16980,0022,37.905660377358494
1135,12-2016,16980,0024,36.93617021276596
1136,12-2016,16980,0026,35.77777777777778
1137,12-2016,16980,0031,23.6
1138,12-2016,16980,0052,31.7
1139,12-2016,16980,0057,30.2
1140,12-2016,16980,0076,29.25
1169,12-2016,19820,0039,40.774193548387096
1145,12-2016,16980,3103,38.42857142857143
1171,12-2016,19820,0095,38.67741935483871
1196,12-2016,37980,0002,48.093333333333334
1198,12-2016,37980,0004,39.76470588235294
1199,12-2016,37980,0048,47.193548387096776
1200,12-2016,37980,0055,39.89655172413793
1201,12-2016,37980,0057,38.0
1202,12-2016,37980,0075,45.67741935483871
1203,12-2016,37980,0076,42.70967741935484
1204,12-2016,37980,0100,47.73529411764706
1205,12-2016,37980,0109,38.55172413793103
1206,12-2016,37980,1003,35.0
1208,12-2016,37980,1008,31.032258064516128
1209,12-2016,37980,1012,45.666666666666664
1210,12-2016,37980,2004,37.20967741935484
1211,12-2016,39740,0011,45.94642857142857
1212,12-2016,40140,0009,36.625
1213,12-2016,40140,0027,59.06666666666667
1214,12-2016,40140,0306,33.36065573770492
1215,12-2016,40140,1016,30.11111111111111
1216,12-2016,40140,2002,44.94444444444444
1217,12-2016,40140,5001,15.25
1218,12-2016,40140,8001,47.05263157894737
1219,12-2016,40140,8005,58.84375
1220,12-2016,40140,9004,50.0
1172,12-2016,20100,0002,27.0
1197,12-2016,37980,0003,41.12
1207,12-2016,37980,1007,38.9
1195,12-2016,37100,3001,27.59259259259259
1184,12-2016,31080,4004,46.4
1174,12-2016,22420,0021,33.8
1175,12-2016,31080,0002,36.6
1176,12-2016,31080,0007,46.225806451612904
1177,12-2016,31080,1103,49.885714285714286
1178,12-2016,31080,1201,58.0
1179,12-2016,31080,1302,56.3
1180,12-2016,31080,1602,58.5
1181,12-2016,31080,2005,43.3
1182,12-2016,31080,2022,30.4
1183,12-2016,31080,4002,47.064516129032256
1173,12-2016,20100,0003,35.1
1185,12-2016,31080,4008,55.97826086956522
1187,12-2016,32580,0043,33.5
1188,12-2016,32580,1046,34.111111111111114
1189,12-2016,33140,0011,32.4
1190,12-2016,33780,0006,41.0
1191,12-2016,37100,0007,38.45161290322581
1192,12-2016,37100,0009,25.451612903225808
1193,12-2016,37100,1004,29.870967741935484
1194,12-2016,37100,2002,34.0
1186,12-2016,31080,9033,28.08695652173913
1048,11-2016,17460,0004,37.8
1052,11-2016,17460,0045,47.875
1051,11-2016,17460,0038,42.76470588235294
1050,11-2016,17460,0034,38.8
1049,11-2016,17460,0007,27.692307692307693
1044,11-2016,16980,4002,39.0
1047,11-2016,16980,6005,42.25
1046,11-2016,16980,4201,36.625
1045,11-2016,16980,4007,38.714285714285715
1054,11-2016,17460,0065,45.7
1043,11-2016,16980,3301,43.0
1053,11-2016,17460,0060,45.6
1059,11-2016,19820,0009,36.8
1055,11-2016,17460,1002,40.0
1056,11-2016,17460,3002,39.42857142857143
1057,11-2016,19820,0001,39.85
1058,11-2016,19820,0005,41.4
1060,11-2016,19820,0015,47.3
1061,11-2016,19820,0016,43.2
1062,11-2016,19820,0019,38.9
1063,11-2016,19820,0025,39.5
1064,11-2016,19820,0033,46.81818181818182
1065,11-2016,19820,0036,37.2
1041,11-2016,16980,2004,35.5
1042,11-2016,16980,3103,43.583333333333336
1016,11-2016,10300,0007,38.7
1040,11-2016,16980,1016,50.833333333333336
1039,11-2016,16980,1011,38.9
1067,11-2016,19820,0093,50.95652173913044
1017,11-2016,10420,0002,37.2
1018,11-2016,10420,0017,44.19512195121951
1019,11-2016,10420,0023,38.857142857142854
1020,11-2016,11460,0008,44.416666666666664
1021,11-2016,12100,0006,27.8
1022,11-2016,12100,1006,31.555555555555557
1023,11-2016,15180,0006,30.6
1024,11-2016,15940,0017,49.5
1025,11-2016,15940,0020,40.666666666666664
1026,11-2016,16980,0001,44.375
1027,11-2016,16980,0003,40.375
1028,11-2016,16980,0006,39.3
1029,11-2016,16980,0007,40.333333333333336
1030,11-2016,16980,0019,34.1
1031,11-2016,16980,0022,39.0
1032,11-2016,16980,0024,36.24444444444445
1033,11-2016,16980,0026,39.8
1034,11-2016,16980,0031,39.583333333333336
1035,11-2016,16980,0052,50.4
1036,11-2016,16980,0057,46.2
1037,11-2016,16980,0076,45.4
1038,11-2016,16980,1002,40.2
1066,11-2016,19820,0039,41.206896551724135
1094,11-2016,37980,0003,38.3
1068,11-2016,19820,0095,39.72222222222222
1107,11-2016,37980,2004,39.924050632911396
1097,11-2016,37980,0055,46.291666666666664
1098,11-2016,37980,0057,40.46666666666667
1099,11-2016,37980,0075,43.833333333333336
1100,11-2016,37980,0076,44.03703703703704
1101,11-2016,37980,0100,41.035714285714285
1102,11-2016,37980,0109,44.45454545454545
1103,11-2016,37980,1003,30.0
1104,11-2016,37980,1007,35.833333333333336
1105,11-2016,37980,1008,34.666666666666664
1106,11-2016,37980,1012,31.5
1108,11-2016,39740,0011,42.21052631578947
1095,11-2016,37980,0004,32.130434782608695
1109,11-2016,40140,0009,32.529411764705884
1110,11-2016,40140,0027,55.13559322033898
1111,11-2016,40140,0306,26.4
1112,11-2016,40140,1016,25.137931034482758
1113,11-2016,40140,2002,31.9375
1114,11-2016,40140,5001,15.5
1115,11-2016,40140,8001,41.55263157894737
1116,11-2016,40140,8005,49.36363636363637
1117,11-2016,40140,9004,35.111111111111114
1069,11-2016,20100,0002,31.620689655172413
1096,11-2016,37980,0048,44.08571428571429
1118,11-2016,47220,0007,36.5
1070,11-2016,20100,0003,29.7
1082,11-2016,31080,4008,57.067796610169495
1071,11-2016,22420,0021,36.2
1072,11-2016,31080,0002,35.5
1073,11-2016,31080,0007,43.0
1074,11-2016,31080,1103,45.60606060606061
1075,11-2016,31080,1201,37.111111111111114
1076,11-2016,31080,1302,58.6
1078,11-2016,31080,2005,39.7
1079,11-2016,31080,2022,28.3
1080,11-2016,31080,4002,45.37931034482759
1081,11-2016,31080,4004,45.689655172413794
1077,11-2016,31080,1602,51.75
1083,11-2016,31080,9033,29.833333333333332
1089,11-2016,37100,0009,19.366666666666667
1084,11-2016,32580,0043,25.6
1092,11-2016,37100,3001,27.066666666666666
1091,11-2016,37100,2002,26.166666666666668
1090,11-2016,37100,1004,24.105263157894736
1093,11-2016,37980,0002,50.044117647058826
1088,11-2016,37100,0007,32.96666666666667
1087,11-2016,33780,0006,38.9
1086,11-2016,33140,0011,34.1
1085,11-2016,32580,1046,37.22222222222222
951,10-2016,17460,0065,38.9
942,10-2016,16980,4007,32.7
943,10-2016,16980,4201,29.5
944,10-2016,16980,6005,27.2
945,10-2016,17460,0004,24.6
946,10-2016,17460,0007,22.9
947,10-2016,17460,0034,27.3
948,10-2016,17460,0038,32.125
949,10-2016,17460,0045,33.0
950,10-2016,17460,0060,34.5
941,10-2016,16980,4002,27.2
964,10-2016,19820,0093,40.32258064516129
952,10-2016,17460,1002,26.4
953,10-2016,17460,3002,21.933333333333334
954,10-2016,19820,0001,27.829268292682926
955,10-2016,19820,0005,22.0
956,10-2016,19820,0009,22.1
957,10-2016,19820,0015,40.6
958,10-2016,19820,0016,27.2
959,10-2016,19820,0019,24.7
960,10-2016,19820,0025,29.5
961,10-2016,19820,0033,29.307692307692307
962,10-2016,19820,0036,26.2
939,10-2016,16980,3103,33.5
940,10-2016,16980,3301,33.3
926,10-2016,16980,0007,29.5
938,10-2016,16980,2004,26.4
924,10-2016,16980,0003,30.4
913,10-2016,10300,0007,23.22222222222222
914,10-2016,10420,0002,25.7
915,10-2016,10420,0017,30.88372093023256
916,10-2016,10420,0023,28.6
918,10-2016,12100,0006,22.48
919,10-2016,12100,1006,27.25
920,10-2016,15180,0006,25.7
921,10-2016,15940,0017,31.076923076923077
922,10-2016,15940,0020,27.8
923,10-2016,16980,0001,25.166666666666668
925,10-2016,16980,0006,27.7
937,10-2016,16980,1016,37.285714285714285
927,10-2016,16980,0019,20.2
928,10-2016,16980,0022,28.78723404255319
929,10-2016,16980,0024,25.475
930,10-2016,16980,0026,30.7
931,10-2016,16980,0031,29.071428571428573
932,10-2016,16980,0052,36.111111111111114
933,10-2016,16980,0057,26.6
934,10-2016,16980,0076,28.8
935,10-2016,16980,1002,29.555555555555557
936,10-2016,16980,1011,27.875
963,10-2016,19820,0039,29.5
917,10-2016,11460,0008,24.071428571428573
965,10-2016,19820,0095,26.258064516129032
991,10-2016,37980,0003,19.677419354838708
993,10-2016,37980,0048,41.56666666666667
994,10-2016,37980,0055,38.523809523809526
995,10-2016,37980,0057,27.925925925925927
996,10-2016,37980,0075,32.77777777777778
997,10-2016,37980,0076,29.962962962962962
998,10-2016,37980,0100,23.606060606060606
999,10-2016,37980,0109,32.935483870967744
1000,10-2016,37980,1003,25.0
1001,10-2016,37980,1007,26.3
1002,10-2016,37980,1008,27.607142857142858
1003,10-2016,37980,1012,26.2
1004,10-2016,37980,2004,26.88235294117647
1005,10-2016,39740,0011,31.080645161290324
1006,10-2016,40140,0009,40.76923076923077
1007,10-2016,40140,0027,50.60344827586207
1008,10-2016,40140,0306,19.79032258064516
1009,10-2016,40140,1016,38.875
1010,10-2016,40140,2002,38.63157894736842
1011,10-2016,40140,5001,20.3
966,10-2016,20100,0002,19.3
1012,10-2016,40140,8001,46.707317073170735
1013,10-2016,40140,8005,53.857142857142854
1014,10-2016,40140,9004,47.888888888888886
992,10-2016,37980,0004,25.5
1015,10-2016,47220,0007,24.06451612903226
990,10-2016,37980,0002,35.32876712328767
978,10-2016,31080,4004,30.903225806451612
967,10-2016,20100,0003,22.2
968,10-2016,22420,0021,20.9
969,10-2016,31080,0002,37.0
970,10-2016,31080,0007,31.923076923076923
971,10-2016,31080,1103,38.8235294117647
972,10-2016,31080,1201,27.4
974,10-2016,31080,1602,38.6
975,10-2016,31080,2005,33.2
976,10-2016,31080,2022,29.4
977,10-2016,31080,4002,33.56666666666667
973,10-2016,31080,1302,31.0
979,10-2016,31080,4008,47.37096774193548
985,10-2016,37100,0007,30.096774193548388
980,10-2016,31080,9033,29.032258064516128
988,10-2016,37100,2002,26.016393442622952
987,10-2016,37100,1004,25.333333333333332
986,10-2016,37100,0009,30.032258064516128
989,10-2016,37100,3001,32.04
984,10-2016,33780,0006,27.9
983,10-2016,33140,0011,22.7
982,10-2016,32580,1046,24.88888888888889
981,10-2016,32580,0043,30.2
846,09-2016,17460,0045,27.3
837,09-2016,16980,3301,32.5
838,09-2016,16980,4002,30.5
839,09-2016,16980,4007,26.625
840,09-2016,16980,4201,28.0
841,09-2016,16980,6005,28.6
842,09-2016,17460,0004,24.6
843,09-2016,17460,0007,21.928571428571427
844,09-2016,17460,0034,22.333333333333332
845,09-2016,17460,0038,33.21052631578947
836,09-2016,16980,3103,31.4
858,09-2016,19820,0033,38.69230769230769
847,09-2016,17460,0060,28.77777777777778
848,09-2016,17460,0065,34.3
849,09-2016,17460,1002,22.5
850,09-2016,17460,3002,21.0
851,09-2016,19820,0001,31.075
852,09-2016,19820,0005,25.7
853,09-2016,19820,0009,25.4
854,09-2016,19820,0015,34.8
855,09-2016,19820,0016,29.7
856,09-2016,19820,0019,27.5
857,09-2016,19820,0025,27.4
834,09-2016,16980,1016,35.666666666666664
835,09-2016,16980,2004,28.5
822,09-2016,16980,0006,28.6
833,09-2016,16980,1011,22.0
819,09-2016,15940,0020,28.9
860,09-2016,19820,0039,30.866666666666667
810,09-2016,10300,0007,24.3
811,09-2016,10420,0002,22.4
812,09-2016,10420,0017,31.92105263157895
813,09-2016,10420,0023,25.333333333333332
814,09-2016,11460,0008,26.23076923076923
815,09-2016,12100,0006,24.76923076923077
816,09-2016,12100,1006,26.3
817,09-2016,15180,0006,33.8
818,09-2016,15940,0017,33.53333333333333
820,09-2016,16980,0001,28.375
832,09-2016,16980,1002,32.714285714285715
821,09-2016,16980,0003,29.2
823,09-2016,16980,0007,31.625
824,09-2016,16980,0019,20.3
825,09-2016,16980,0022,33.83673469387755
826,09-2016,16980,0024,22.444444444444443
827,09-2016,16980,0026,34.5
828,09-2016,16980,0031,31.0
829,09-2016,16980,0052,29.1
830,09-2016,16980,0057,29.2
831,09-2016,16980,0076,27.2
859,09-2016,19820,0036,25.11111111111111
861,09-2016,19820,0093,41.06666666666667
912,09-2016,47220,0007,25.266666666666666
887,09-2016,37980,0002,35.611111111111114
889,09-2016,37980,0004,24.958333333333332
890,09-2016,37980,0048,39.16216216216216
891,09-2016,37980,0055,33.857142857142854
892,09-2016,37980,0057,31.653846153846153
893,09-2016,37980,0075,26.533333333333335
894,09-2016,37980,0076,25.5
895,09-2016,37980,0100,31.75
896,09-2016,37980,0109,29.06896551724138
897,09-2016,37980,1003,24.1
898,09-2016,37980,1007,28.0
900,09-2016,37980,1012,25.77777777777778
901,09-2016,37980,2004,29.170731707317074
902,09-2016,39740,0011,33.348837209302324
903,09-2016,40140,0009,43.608695652173914
904,09-2016,40140,0027,55.771929824561404
905,09-2016,40140,0306,22.0
906,09-2016,40140,1016,42.2
907,09-2016,40140,2002,36.77777777777778
908,09-2016,40140,5001,22.9
909,09-2016,40140,8001,45.473684210526315
910,09-2016,40140,8005,51.205882352941174
911,09-2016,40140,9004,41.8
862,09-2016,19820,0095,25.545454545454547
888,09-2016,37980,0003,21.066666666666666
899,09-2016,37980,1008,27.9
886,09-2016,37100,3001,43.06896551724138
874,09-2016,31080,4002,44.1
885,09-2016,37100,2002,41.55555555555556
864,09-2016,20100,0003,21.0
865,09-2016,22420,0021,24.6
866,09-2016,31080,0002,41.4
867,09-2016,31080,0007,39.233333333333334
868,09-2016,31080,1103,46.54545454545455
869,09-2016,31080,1201,34.3
870,09-2016,31080,1302,42.25
871,09-2016,31080,1602,45.9
872,09-2016,31080,2005,36.666666666666664
873,09-2016,31080,2022,32.44444444444444
863,09-2016,20100,0002,23.166666666666668
875,09-2016,31080,4004,38.53333333333333
876,09-2016,31080,4008,52.13333333333333
877,09-2016,31080,9033,29.6
878,09-2016,32580,0043,37.75
879,09-2016,32580,1046,49.4
880,09-2016,33140,0011,26.6
881,09-2016,33780,0006,26.1
882,09-2016,37100,0007,43.833333333333336
883,09-2016,37100,0009,45.36666666666667
884,09-2016,37100,1004,41.04761904761905
739,08-2016,17460,0004,24.636363636363637
743,08-2016,17460,0045,32.09090909090909
742,08-2016,17460,0038,35.45454545454545
741,08-2016,17460,0034,30.363636363636363
740,08-2016,17460,0007,26.071428571428573
734,08-2016,16980,3301,33.0
738,08-2016,16980,6005,44.75
737,08-2016,16980,4201,30.77777777777778
736,08-2016,16980,4007,33.5
735,08-2016,16980,4002,32.6
745,08-2016,17460,0065,41.0
744,08-2016,17460,0060,38.63636363636363
750,08-2016,19820,0009,28.636363636363637
746,08-2016,17460,1002,26.8
747,08-2016,17460,3002,25.0
748,08-2016,19820,0001,31.56756756756757
749,08-2016,19820,0005,28.545454545454547
732,08-2016,16980,2004,30.454545454545453
751,08-2016,19820,0015,45.72727272727273
752,08-2016,19820,0016,37.5
753,08-2016,19820,0019,28.875
754,08-2016,19820,0025,33.18181818181818
755,08-2016,19820,0033,36.1875
756,08-2016,19820,0036,32.1
733,08-2016,16980,3103,37.92307692307692
758,08-2016,19820,0093,47.29032258064516
731,08-2016,16980,1016,41.25
730,08-2016,16980,1011,29.2
708,08-2016,10420,0002,29.5
709,08-2016,10420,0017,32.54761904761905
710,08-2016,10420,0023,29.545454545454547
711,08-2016,11460,0008,28.8125
712,08-2016,12100,0006,28.80952380952381
713,08-2016,12100,1006,29.0
714,08-2016,15180,0006,42.0
715,08-2016,15940,0017,32.93333333333333
716,08-2016,15940,0020,30.818181818181817
717,08-2016,16980,0001,40.2
718,08-2016,16980,0003,31.181818181818183
719,08-2016,16980,0006,31.363636363636363
720,08-2016,16980,0007,30.636363636363637
721,08-2016,16980,0019,26.3
722,08-2016,16980,0022,33.214285714285715
723,08-2016,16980,0024,26.02127659574468
724,08-2016,16980,0026,36.0
725,08-2016,16980,0031,35.5
726,08-2016,16980,0052,27.666666666666668
727,08-2016,16980,0057,42.4
728,08-2016,16980,0076,41.2
707,08-2016,10300,0007,26.545454545454547
729,08-2016,16980,1002,32.45454545454545
757,08-2016,19820,0039,33.629629629629626
788,08-2016,37980,0055,37.19230769230769
759,08-2016,19820,0095,29.555555555555557
798,08-2016,37980,2004,31.67032967032967
787,08-2016,37980,0048,36.5
789,08-2016,37980,0057,38.83870967741935
790,08-2016,37980,0075,31.620689655172413
791,08-2016,37980,0076,21.322580645161292
792,08-2016,37980,0100,44.71875
793,08-2016,37980,0109,37.75
794,08-2016,37980,1003,29.181818181818183
795,08-2016,37980,1007,30.823529411764707
796,08-2016,37980,1008,34.57142857142857
797,08-2016,37980,1012,26.6
799,08-2016,39740,0011,36.55
785,08-2016,37980,0003,15.89655172413793
800,08-2016,40140,0009,49.57142857142857
801,08-2016,40140,0027,61.16393442622951
802,08-2016,40140,0306,33.63934426229508
803,08-2016,40140,1016,49.542857142857144
804,08-2016,40140,2002,44.40909090909091
805,08-2016,40140,5001,33.36363636363637
806,08-2016,40140,8001,48.07692307692308
807,08-2016,40140,8005,52.2
809,08-2016,47220,0007,30.838709677419356
760,08-2016,20100,0002,26.285714285714285
786,08-2016,37980,0004,31.866666666666667
808,08-2016,40140,9004,48.81818181818182
784,08-2016,37980,0002,34.23529411764706
772,08-2016,31080,4004,38.925925925925924
783,08-2016,37100,3001,34.935483870967744
763,08-2016,31080,0002,50.0
764,08-2016,31080,0007,37.2962962962963
765,08-2016,31080,1103,48.885714285714286
766,08-2016,31080,1201,39.63636363636363
767,08-2016,31080,1302,40.27272727272727
768,08-2016,31080,1602,46.18181818181818
769,08-2016,31080,2005,41.54545454545455
770,08-2016,31080,2022,37.3
771,08-2016,31080,4002,42.516129032258064
762,08-2016,22420,0021,26.0
773,08-2016,31080,4008,52.20338983050848
779,08-2016,37100,0007,52.806451612903224
782,08-2016,37100,2002,50.0655737704918
774,08-2016,31080,9033,38.193548387096776
781,08-2016,37100,1004,42.29032258064516
780,08-2016,37100,0009,49.516129032258064
761,08-2016,20100,0003,27.545454545454547
778,08-2016,33780,0006,29.818181818181817
775,08-2016,32580,0043,34.6
776,08-2016,32580,1046,41.8
777,08-2016,33140,0011,27.0
637,07-2016,17460,0007,37.0
638,07-2016,17460,0034,35.9
639,07-2016,17460,0038,43.3
640,07-2016,17460,0045,44.0
641,07-2016,17460,0060,44.4
642,07-2016,17460,0065,46.3
643,07-2016,17460,1002,40.5
644,07-2016,17460,3002,34.57142857142857
645,07-2016,19820,0001,36.825
646,07-2016,19820,0005,32.0
648,07-2016,19820,0015,62.3
647,07-2016,19820,0009,33.5
649,07-2016,19820,0016,36.2
650,07-2016,19820,0019,33.22222222222222
652,07-2016,19820,0033,43.333333333333336
653,07-2016,19820,0036,31.2
654,07-2016,19820,0039,34.68421052631579
655,07-2016,19820,0093,47.903225806451616
656,07-2016,19820,0095,37.2
657,07-2016,20100,0002,36.25
636,07-2016,17460,0004,34.125
658,07-2016,20100,0003,36.1
651,07-2016,19820,0025,34.8
625,07-2016,16980,0076,37.2
635,07-2016,16980,6005,37.0
622,07-2016,16980,0031,38.733333333333334
660,07-2016,31080,0002,54.4
614,07-2016,16980,0001,33.1
615,07-2016,16980,0003,33.22222222222222
616,07-2016,16980,0006,37.0
617,07-2016,16980,0007,34.6
618,07-2016,16980,0019,31.6
619,07-2016,16980,0022,39.94444444444444
620,07-2016,16980,0024,35.31818181818182
621,07-2016,16980,0026,41.1
623,07-2016,16980,0052,38.0
634,07-2016,16980,4201,33.5
624,07-2016,16980,0057,37.4
626,07-2016,16980,1002,34.25
627,07-2016,16980,1011,32.6
628,07-2016,16980,1016,46.09090909090909
629,07-2016,16980,2004,37.2
630,07-2016,16980,3103,41.666666666666664
631,07-2016,16980,3301,41.8
632,07-2016,16980,4002,35.666666666666664
633,07-2016,16980,4007,39.22222222222222
659,07-2016,22420,0021,28.0
685,07-2016,37980,0055,45.666666666666664
661,07-2016,31080,0007,39.45161290322581
697,07-2016,40140,0009,47.483870967741936
688,07-2016,37980,0076,20.310344827586206
689,07-2016,37980,0100,43.8
690,07-2016,37980,0109,42.16129032258065
691,07-2016,37980,1003,35.0
692,07-2016,37980,1007,38.375
693,07-2016,37980,1008,38.75
694,07-2016,37980,1012,35.4
695,07-2016,37980,2004,38.61971830985915
696,07-2016,39740,0011,42.16
698,07-2016,40140,0027,62.228070175438596
686,07-2016,37980,0057,43.851851851851855
699,07-2016,40140,0306,32.228070175438596
700,07-2016,40140,1016,48.84848484848485
701,07-2016,40140,2002,51.1
702,07-2016,40140,5001,34.111111111111114
703,07-2016,40140,8001,53.32432432432432
704,07-2016,40140,8005,55.42857142857143
705,07-2016,40140,9004,58.6
706,07-2016,47220,0007,37.61290322580645
612,07-2016,15940,0017,44.13333333333333
687,07-2016,37980,0075,37.70967741935484
684,07-2016,37980,0048,37.172413793103445
662,07-2016,31080,1103,47.80555555555556
672,07-2016,32580,0043,45.25
663,07-2016,31080,1201,40.1
664,07-2016,31080,1302,41.3
665,07-2016,31080,1602,47.0
666,07-2016,31080,2005,45.8
667,07-2016,31080,2022,36.8
668,07-2016,31080,4002,42.0
669,07-2016,31080,4004,37.03703703703704
670,07-2016,31080,4008,50.63934426229508
671,07-2016,31080,9033,48.354838709677416
673,07-2016,32580,1046,37.5
683,07-2016,37980,0004,36.6
674,07-2016,33140,0011,38.9
675,07-2016,33780,0006,32.0
676,07-2016,37100,0007,47.45161290322581
677,07-2016,37100,0009,53.70967741935484
678,07-2016,37100,1004,45.806451612903224
679,07-2016,37100,2002,48.41818181818182
680,07-2016,37100,3001,35.03225806451613
681,07-2016,37980,0002,35.648648648648646
682,07-2016,37980,0003,32.87096774193548
613,07-2016,15940,0020,38.9
611,07-2016,15180,0006,39.6
609,07-2016,12100,0006,36.23529411764706
608,07-2016,11460,0008,33.46666666666667
607,07-2016,10420,0023,35.6
606,07-2016,10420,0017,41.78048780487805
605,07-2016,10420,0002,35.9
604,07-2016,10300,0007,34.285714285714285
610,07-2016,12100,1006,34.55555555555556
531,06-2016,16980,4007,35.4
533,06-2016,16980,6005,31.8
537,06-2016,17460,0038,38.588235294117645
536,06-2016,17460,0034,33.8
535,06-2016,17460,0007,28.307692307692307
534,06-2016,17460,0004,30.7
528,06-2016,16980,3103,35.90909090909091
532,06-2016,16980,4201,27.571428571428573
530,06-2016,16980,4002,35.3
529,06-2016,16980,3301,36.111111111111114
539,06-2016,17460,0060,37.2
538,06-2016,17460,0045,46.3
543,06-2016,19820,0001,34.325
540,06-2016,17460,0065,44.3
541,06-2016,17460,1002,34.2
542,06-2016,17460,3002,28.916666666666668
526,06-2016,16980,1016,40.7
545,06-2016,19820,0009,26.3
546,06-2016,19820,0015,43.0
547,06-2016,19820,0016,32.1
548,06-2016,19820,0019,32.0
549,06-2016,19820,0025,33.1
550,06-2016,19820,0033,40.42857142857143
551,06-2016,19820,0036,31.7
527,06-2016,16980,2004,35.8
522,06-2016,16980,0057,30.4
525,06-2016,16980,1011,33.75
512,06-2016,16980,0001,30.142857142857142
502,06-2016,10300,0007,28.1
503,06-2016,10420,0002,29.0
504,06-2016,10420,0017,33.90243902439025
505,06-2016,10420,0023,34.0
506,06-2016,11460,0008,32.57142857142857
507,06-2016,12100,0006,31.307692307692307
508,06-2016,12100,1006,31.4
509,06-2016,15180,0006,37.375
510,06-2016,15940,0017,37.53333333333333
511,06-2016,15940,0020,36.3
513,06-2016,16980,0003,30.333333333333332
524,06-2016,16980,1002,29.8
514,06-2016,16980,0006,41.3
515,06-2016,16980,0007,33.44444444444444
516,06-2016,16980,0019,23.6
517,06-2016,16980,0022,33.26
518,06-2016,16980,0024,29.65
519,06-2016,16980,0026,39.666666666666664
520,06-2016,16980,0031,38.5
521,06-2016,16980,0052,32.22222222222222
553,06-2016,19820,0093,47.86666666666667
523,06-2016,16980,0076,32.0
552,06-2016,19820,0039,33.06666666666667
544,06-2016,19820,0005,24.333333333333332
554,06-2016,19820,0095,35.4
579,06-2016,37980,0002,37.25
581,06-2016,37980,0004,31.0625
582,06-2016,37980,0048,41.38461538461539
583,06-2016,37980,0055,43.06896551724138
584,06-2016,37980,0057,39.6
585,06-2016,37980,0075,40.68
586,06-2016,37980,0076,31.043478260869566
587,06-2016,37980,0100,42.45762711864407
588,06-2016,37980,0109,39.07142857142857
555,06-2016,20100,0002,27.178571428571427
590,06-2016,37980,1007,30.57894736842105
591,06-2016,37980,1012,27.2
592,06-2016,37980,2004,33.7037037037037
593,06-2016,39740,0011,42.30769230769231
594,06-2016,40140,0009,48.27272727272727
595,06-2016,40140,0027,57.75
596,06-2016,40140,0306,28.491525423728813
597,06-2016,40140,1016,51.0
598,06-2016,40140,2002,48.15
599,06-2016,40140,5001,40.125
600,06-2016,40140,8001,48.31578947368421
601,06-2016,40140,8005,54.90909090909091
602,06-2016,40140,9004,51.22222222222222
603,06-2016,47220,0007,31.5
580,06-2016,37980,0003,31.88888888888889
589,06-2016,37980,1003,27.454545454545453
578,06-2016,37100,3001,40.766666666666666
566,06-2016,31080,4002,43.86206896551724
577,06-2016,37100,2002,51.660714285714285
557,06-2016,22420,0021,25.5
558,06-2016,31080,0002,52.5
559,06-2016,31080,0007,38.8
560,06-2016,31080,1103,53.970588235294116
561,06-2016,31080,1201,47.77777777777778
562,06-2016,31080,1302,42.5
563,06-2016,31080,1602,49.6
564,06-2016,31080,2005,48.6
565,06-2016,31080,2022,37.6
556,06-2016,20100,0003,26.444444444444443
567,06-2016,31080,4004,39.86666666666667
572,06-2016,33140,0011,31.6
568,06-2016,31080,4008,50.09803921568628
575,06-2016,37100,0009,47.266666666666666
574,06-2016,37100,0007,50.0
573,06-2016,33780,0006,29.9
576,06-2016,37100,1004,51.629629629629626
571,06-2016,32580,1046,36.166666666666664
570,06-2016,32580,0043,37.0
569,06-2016,31080,9033,41.666666666666664
426,05-2016,16980,3103,38.92307692307692
427,05-2016,16980,3301,38.9
437,05-2016,17460,0060,41.6
428,05-2016,16980,4002,32.4
429,05-2016,16980,4007,35.4
430,05-2016,16980,4201,27.875
431,05-2016,16980,6005,39.0
432,05-2016,17460,0004,28.057142857142857
433,05-2016,17460,0007,32.214285714285715
434,05-2016,17460,0034,34.8
435,05-2016,17460,0038,37.55555555555556
436,05-2016,17460,0045,39.7
442,05-2016,19820,0005,28.7
438,05-2016,17460,0065,42.7
439,05-2016,17460,1002,33.0
440,05-2016,17460,3002,29.357142857142858
441,05-2016,19820,0001,35.853658536585364
443,05-2016,19820,0009,29.6
444,05-2016,19820,0015,42.4
445,05-2016,19820,0016,35.3
446,05-2016,19820,0019,33.0
447,05-2016,19820,0025,32.3
448,05-2016,19820,0033,40.4
424,05-2016,16980,1016,42.57142857142857
425,05-2016,16980,2004,33.1
481,05-2016,37980,0055,42.2
423,05-2016,16980,1011,26.6
422,05-2016,16980,1002,35.333333333333336
450,05-2016,19820,0039,33.25
400,05-2016,10300,0007,31.857142857142858
401,05-2016,10420,0002,25.8
402,05-2016,10420,0017,38.25581395348837
403,05-2016,10420,0023,29.5
404,05-2016,11460,0008,29.5
405,05-2016,12100,0006,28.972972972972972
406,05-2016,12100,1006,26.4
407,05-2016,15180,0006,54.333333333333336
408,05-2016,15940,0017,38.57142857142857
409,05-2016,15940,0020,32.81818181818182
410,05-2016,16980,0001,29.363636363636363
411,05-2016,16980,0003,34.111111111111114
412,05-2016,16980,0006,36.111111111111114
413,05-2016,16980,0007,32.6
414,05-2016,16980,0019,35.5
415,05-2016,16980,0022,29.235294117647058
416,05-2016,16980,0024,26.833333333333332
417,05-2016,16980,0026,40.2
418,05-2016,16980,0031,36.166666666666664
419,05-2016,16980,0052,34.6
420,05-2016,16980,0057,37.4
421,05-2016,16980,0076,36.4
449,05-2016,19820,0036,31.0
494,05-2016,40140,0306,19.517241379310345
451,05-2016,19820,0093,56.111111111111114
489,05-2016,37980,1012,31.0
478,05-2016,37980,0003,32.36666666666667
479,05-2016,37980,0004,21.727272727272727
480,05-2016,37980,0048,29.352941176470587
482,05-2016,37980,0057,35.7
483,05-2016,37980,0075,38.214285714285715
484,05-2016,37980,0076,27.0
485,05-2016,37980,0100,38.6551724137931
486,05-2016,37980,0109,39.74193548387097
452,05-2016,19820,0095,34.1
488,05-2016,37980,1007,27.357142857142858
490,05-2016,37980,2004,34.729166666666664
476,05-2016,37100,3001,30.967741935483872
491,05-2016,39740,0011,37.725806451612904
492,05-2016,40140,0009,31.416666666666668
493,05-2016,40140,0027,47.645833333333336
495,05-2016,40140,1016,47.23529411764706
496,05-2016,40140,2002,34.05263157894737
497,05-2016,40140,5001,22.0
498,05-2016,40140,8001,38.43589743589744
499,05-2016,40140,8005,44.411764705882355
500,05-2016,40140,9004,34.7
501,05-2016,47220,0007,27.870967741935484
477,05-2016,37980,0002,41.28
487,05-2016,37980,1003,27.333333333333332
475,05-2016,37100,2002,38.21666666666667
463,05-2016,31080,2022,26.8
453,05-2016,20100,0002,27.6
474,05-2016,37100,1004,40.41935483870968
455,05-2016,22420,0021,28.0
456,05-2016,31080,0002,36.4
457,05-2016,31080,0007,25.548387096774192
458,05-2016,31080,1103,37.705882352941174
459,05-2016,31080,1201,26.0
460,05-2016,31080,1302,28.8
461,05-2016,31080,1602,36.7
462,05-2016,31080,2005,31.0
454,05-2016,20100,0003,27.4
464,05-2016,31080,4002,30.821428571428573
469,05-2016,32580,1046,50.5
465,05-2016,31080,4004,27.483870967741936
473,05-2016,37100,0009,34.06666666666667
471,05-2016,33780,0006,34.3
470,05-2016,33140,0011,28.7
472,05-2016,37100,0007,39.516129032258064
468,05-2016,32580,0043,52.2
467,05-2016,31080,9033,33.45161290322581
466,05-2016,31080,4008,38.73076923076923
327,04-2016,16980,2004,35.2
328,04-2016,16980,3103,40.76923076923077
338,04-2016,17460,0045,29.555555555555557
329,04-2016,16980,3301,38.0
330,04-2016,16980,4002,32.5
332,04-2016,16980,4201,32.55555555555556
333,04-2016,16980,6005,44.8
334,04-2016,17460,0004,27.53846153846154
335,04-2016,17460,0007,30.142857142857142
336,04-2016,17460,0034,29.2
337,04-2016,17460,0038,41.705882352941174
343,04-2016,19820,0001,28.475
339,04-2016,17460,0060,38.375
340,04-2016,17460,0065,42.666666666666664
341,04-2016,17460,1002,33.3
342,04-2016,17460,3002,27.866666666666667
344,04-2016,19820,0005,29.5
345,04-2016,19820,0009,28.6
346,04-2016,19820,0015,35.1
347,04-2016,19820,0016,29.5
348,04-2016,19820,0019,27.8
349,04-2016,19820,0025,29.0
325,04-2016,16980,1011,33.6
326,04-2016,16980,1016,43.666666666666664
306,04-2016,11460,0008,29.3125
324,04-2016,16980,1002,32.6
323,04-2016,16980,0076,41.0
351,04-2016,19820,0036,26.1
302,04-2016,10300,0007,24.625
303,04-2016,10420,0002,22.666666666666668
304,04-2016,10420,0017,41.53488372093023
305,04-2016,10420,0023,28.77777777777778
307,04-2016,12100,0006,25.53846153846154
308,04-2016,12100,1006,21.2
309,04-2016,15180,0006,48.77777777777778
310,04-2016,15940,0017,33.92857142857143
311,04-2016,15940,0020,27.8
312,04-2016,16980,0001,36.0
313,04-2016,16980,0003,30.09090909090909
314,04-2016,16980,0006,37.8
315,04-2016,16980,0007,35.1
316,04-2016,16980,0019,34.7
317,04-2016,16980,0022,39.411764705882355
318,04-2016,16980,0024,33.46153846153846
319,04-2016,16980,0026,39.2
320,04-2016,16980,0031,40.357142857142854
321,04-2016,16980,0052,34.111111111111114
322,04-2016,16980,0057,43.8
350,04-2016,19820,0033,33.92857142857143
331,04-2016,16980,4007,33.125
352,04-2016,19820,0039,27.066666666666666
376,04-2016,37100,3001,37.93333333333333
378,04-2016,37980,0003,29.866666666666667
379,04-2016,37980,0004,24.15
380,04-2016,37980,0048,28.733333333333334
381,04-2016,37980,0055,33.28
382,04-2016,37980,0057,31.52
383,04-2016,37980,0075,28.53846153846154
384,04-2016,37980,0076,28.04
385,04-2016,37980,0100,28.672727272727272
386,04-2016,37980,0109,28.555555555555557
388,04-2016,37980,2004,30.166666666666668
389,04-2016,39740,0011,35.127272727272725
390,04-2016,40140,0009,24.606060606060606
391,04-2016,40140,0027,49.32142857142857
392,04-2016,40140,0306,22.3
393,04-2016,40140,1016,35.4
394,04-2016,40140,2002,30.266666666666666
395,04-2016,40140,5001,20.7
396,04-2016,40140,8001,37.138888888888886
397,04-2016,40140,8005,41.354838709677416
398,04-2016,40140,9004,27.7
399,04-2016,47220,0007,28.266666666666666
377,04-2016,37980,0002,32.47540983606557
387,04-2016,37980,1007,23.2
375,04-2016,37100,2002,26.22222222222222
364,04-2016,31080,4002,37.32142857142857
374,04-2016,37100,1004,38.733333333333334
355,04-2016,22420,0021,23.11111111111111
356,04-2016,31080,0002,30.9
357,04-2016,31080,0007,30.482758620689655
358,04-2016,31080,1103,42.63333333333333
359,04-2016,31080,1201,32.625
360,04-2016,31080,1302,32.5
361,04-2016,31080,1602,35.6
362,04-2016,31080,2005,29.1
363,04-2016,31080,2022,22.25
354,04-2016,20100,0002,18.166666666666668
365,04-2016,31080,4004,32.52
370,04-2016,33140,0011,32.9
372,04-2016,37100,0007,35.333333333333336
371,04-2016,33780,0006,27.555555555555557
353,04-2016,19820,0095,31.2
373,04-2016,37100,0009,30.366666666666667
369,04-2016,32580,1046,46.75
368,04-2016,32580,0043,57.4
367,04-2016,31080,9033,24.7
366,04-2016,31080,4008,46.56363636363636
238,03-2016,17460,0060,34.81818181818182
228,03-2016,16980,3301,32.63636363636363
229,03-2016,16980,4002,28.11111111111111
230,03-2016,16980,4007,28.1
231,03-2016,16980,4201,24.181818181818183
232,03-2016,16980,6005,26.4
233,03-2016,17460,0004,30.63157894736842
234,03-2016,17460,0007,20.76923076923077
235,03-2016,17460,0034,23.09090909090909
236,03-2016,17460,0038,33.0
237,03-2016,17460,0045,33.18181818181818
243,03-2016,19820,0005,32.18181818181818
239,03-2016,17460,0065,36.333333333333336
240,03-2016,17460,1002,25.0
241,03-2016,17460,3002,21.933333333333334
242,03-2016,19820,0001,32.64102564102564
226,03-2016,16980,2004,28.818181818181817
244,03-2016,19820,0009,27.3
245,03-2016,19820,0015,35.3
246,03-2016,19820,0016,36.2
247,03-2016,19820,0019,31.727272727272727
248,03-2016,19820,0025,30.545454545454547
249,03-2016,19820,0033,37.8
227,03-2016,16980,3103,30.0
202,03-2016,10420,0002,25.545454545454547
225,03-2016,16980,1016,33.714285714285715
212,03-2016,16980,0003,28.8
251,03-2016,19820,0039,33.064516129032256
203,03-2016,10420,0017,42.31111111111111
204,03-2016,10420,0023,27.0
205,03-2016,11460,0008,26.933333333333334
206,03-2016,12100,0006,34.205128205128204
207,03-2016,12100,1006,32.63636363636363
208,03-2016,15180,0006,44.09090909090909
209,03-2016,15940,0017,27.285714285714285
210,03-2016,15940,0020,27.90909090909091
211,03-2016,16980,0001,30.444444444444443
213,03-2016,16980,0006,27.8
224,03-2016,16980,1011,22.333333333333332
214,03-2016,16980,0007,26.3
215,03-2016,16980,0019,26.727272727272727
216,03-2016,16980,0022,32.28
217,03-2016,16980,0024,31.043478260869566
218,03-2016,16980,0026,29.454545454545453
219,03-2016,16980,0031,28.266666666666666
220,03-2016,16980,0052,31.2
221,03-2016,16980,0057,29.166666666666668
222,03-2016,16980,0076,28.833333333333332
223,03-2016,16980,1002,27.22222222222222
250,03-2016,19820,0036,27.363636363636363
201,03-2016,10300,0007,26.09090909090909
252,03-2016,19820,0095,31.7
290,03-2016,37980,2004,35.78431372549019
280,03-2016,37980,0048,32.0
281,03-2016,37980,0055,39.62068965517241
282,03-2016,37980,0057,40.16129032258065
283,03-2016,37980,0075,36.903225806451616
284,03-2016,37980,0076,35.516129032258064
285,03-2016,37980,0100,37.27272727272727
286,03-2016,37980,0109,35.74193548387097
287,03-2016,37980,1003,35.0
288,03-2016,37980,1007,32.61904761904762
289,03-2016,37980,1012,35.1
291,03-2016,39740,0011,35.847457627118644
278,03-2016,37980,0003,37.096774193548384
292,03-2016,40140,0009,23.823529411764707
293,03-2016,40140,0027,55.741379310344826
294,03-2016,40140,0306,22.928571428571427
295,03-2016,40140,1016,36.69444444444444
296,03-2016,40140,2002,34.61904761904762
297,03-2016,40140,5001,22.0
298,03-2016,40140,8001,43.675
299,03-2016,40140,8005,47.63333333333333
300,03-2016,40140,9004,37.09090909090909
301,03-2016,47220,0007,36.96666666666667
279,03-2016,37980,0004,33.51851851851852
253,03-2016,20100,0002,31.325
277,03-2016,37980,0002,42.39473684210526
265,03-2016,31080,4004,34.903225806451616
254,03-2016,20100,0003,34.44444444444444
255,03-2016,22420,0021,28.8
256,03-2016,31080,0002,39.54545454545455
257,03-2016,31080,0007,33.32258064516129
258,03-2016,31080,1103,47.392857142857146
259,03-2016,31080,1201,33.81818181818182
261,03-2016,31080,1602,45.27272727272727
262,03-2016,31080,2005,35.22222222222222
263,03-2016,31080,2022,24.9
264,03-2016,31080,4002,36.12903225806452
260,03-2016,31080,1302,42.81818181818182
266,03-2016,31080,4008,45.05357142857143
272,03-2016,37100,0007,36.54838709677419
267,03-2016,31080,9033,21.258064516129032
275,03-2016,37100,2002,28.857142857142858
274,03-2016,37100,1004,38.645161290322584
273,03-2016,37100,0009,28.161290322580644
276,03-2016,37100,3001,35.96153846153846
271,03-2016,33780,0006,26.818181818181817
270,03-2016,33140,0011,25.727272727272727
269,03-2016,32580,1046,44.72727272727273
268,03-2016,32580,0043,50.333333333333336
137,02-2016,17460,0060,33.625
128,02-2016,16980,4002,34.875
129,02-2016,16980,4007,39.142857142857146
130,02-2016,16980,4201,34.25
131,02-2016,16980,6005,40.5
132,02-2016,17460,0004,36.55263157894737
133,02-2016,17460,0007,31.666666666666668
134,02-2016,17460,0034,34.888888888888886
135,02-2016,17460,0038,39.5
136,02-2016,17460,0045,41.111111111111114
127,02-2016,16980,3301,41.42857142857143
149,02-2016,19820,0036,28.0
138,02-2016,17460,0065,46.0
139,02-2016,17460,1002,34.55555555555556
140,02-2016,17460,3002,35.38461538461539
141,02-2016,19820,0001,30.94736842105263
142,02-2016,19820,0005,36.111111111111114
143,02-2016,19820,0009,33.44444444444444
144,02-2016,19820,0015,38.666666666666664
145,02-2016,19820,0016,34.111111111111114
146,02-2016,19820,0019,34.111111111111114
147,02-2016,19820,0025,34.44444444444444
148,02-2016,19820,0033,46.54545454545455
125,02-2016,16980,2004,37.333333333333336
126,02-2016,16980,3103,44.0
113,02-2016,16980,0007,36.111111111111114
124,02-2016,16980,1016,37.25
110,02-2016,16980,0001,31.333333333333332
150,02-2016,19820,0039,29.896551724137932
101,02-2016,10420,0002,30.166666666666668
102,02-2016,10420,0017,43.51219512195122
103,02-2016,10420,0023,33.625
104,02-2016,11460,0008,36.15384615384615
105,02-2016,12100,0006,26.789473684210527
106,02-2016,12100,1006,27.555555555555557
107,02-2016,15180,0006,27.22222222222222
108,02-2016,15940,0017,40.23076923076923
109,02-2016,15940,0020,34.888888888888886
111,02-2016,16980,0003,31.88888888888889
123,02-2016,16980,1011,37.0
112,02-2016,16980,0006,42.333333333333336
114,02-2016,16980,0019,31.88888888888889
115,02-2016,16980,0022,42.53488372093023
116,02-2016,16980,0024,32.78048780487805
117,02-2016,16980,0026,38.55555555555556
118,02-2016,16980,0031,41.7
119,02-2016,16980,0052,32.77777777777778
120,02-2016,16980,0057,42.25
121,02-2016,16980,0076,50.333333333333336
122,02-2016,16980,1002,37.0
100,02-2016,10300,0007,31.77777777777778
151,02-2016,19820,0095,35.55555555555556
152,02-2016,20100,0002,26.52777777777778
190,02-2016,39740,0011,36.310344827586206
179,02-2016,37980,0048,35.65625
180,02-2016,37980,0055,39.82608695652174
181,02-2016,37980,0057,37.89655172413793
182,02-2016,37980,0075,36.142857142857146
183,02-2016,37980,0076,34.75
184,02-2016,37980,0100,33.11764705882353
185,02-2016,37980,0109,32.15384615384615
186,02-2016,37980,1003,34.77777777777778
187,02-2016,37980,1007,31.444444444444443
189,02-2016,37980,2004,33.559322033898304
191,02-2016,40140,0009,34.10344827586207
177,02-2016,37980,0003,33.86206896551724
192,02-2016,40140,0027,57.375
193,02-2016,40140,0306,21.862068965517242
194,02-2016,40140,1016,21.78787878787879
195,02-2016,40140,2002,29.470588235294116
196,02-2016,40140,5001,11.75
197,02-2016,40140,8001,38.457142857142856
198,02-2016,40140,8005,46.03225806451613
199,02-2016,40140,9004,35.857142857142854
200,02-2016,47220,0007,32.03448275862069
153,02-2016,20100,0003,29.22222222222222
178,02-2016,37980,0004,34.21052631578947
188,02-2016,37980,1012,33.25
176,02-2016,37980,0002,40.50769230769231
164,02-2016,31080,4004,44.62068965517241
175,02-2016,37100,3001,28.137931034482758
155,02-2016,31080,0002,26.555555555555557
156,02-2016,31080,0007,37.04
157,02-2016,31080,1103,43.29032258064516
158,02-2016,31080,1201,22.88888888888889
159,02-2016,31080,1302,45.44444444444444
160,02-2016,31080,1602,41.44444444444444
161,02-2016,31080,2005,31.333333333333332
162,02-2016,31080,2022,23.333333333333332
163,02-2016,31080,4002,43.827586206896555
154,02-2016,22420,0021,36.888888888888886
165,02-2016,31080,4008,56.464285714285715
170,02-2016,33780,0006,25.333333333333332
166,02-2016,31080,9033,20.862068965517242
173,02-2016,37100,1004,32.03448275862069
172,02-2016,37100,0009,15.724137931034482
171,02-2016,37100,0007,21.03448275862069
174,02-2016,37100,2002,14.017857142857142
169,02-2016,33140,0011,36.55555555555556
168,02-2016,32580,1046,23.444444444444443
167,02-2016,32580,0043,29.5
37,01-2016,17460,0065,41.63636363636363
28,01-2016,16980,4007,43.4
29,01-2016,16980,4201,34.90909090909091
30,01-2016,16980,6005,47.5
31,01-2016,17460,0004,40.73170731707317
32,01-2016,17460,0007,33.5625
33,01-2016,17460,0034,33.5
27,01-2016,16980,4002,33.63636363636363
34,01-2016,17460,0038,38.411764705882355
35,01-2016,17460,0045,38.9
36,01-2016,17460,0060,40.09090909090909
42,01-2016,19820,0009,37.36363636363637
38,01-2016,17460,1002,34.0
39,01-2016,17460,3002,35.357142857142854
40,01-2016,19820,0001,41.642857142857146
41,01-2016,19820,0005,39.0
43,01-2016,19820,0015,46.0
44,01-2016,19820,0016,44.27272727272727
45,01-2016,19820,0019,40.0
46,01-2016,19820,0025,41.09090909090909
47,01-2016,19820,0033,48.38461538461539
48,01-2016,19820,0036,38.27272727272727
25,01-2016,16980,3103,46.625
26,01-2016,16980,3301,37.5
50,01-2016,19820,0095,41.36363636363637
24,01-2016,16980,2004,37.81818181818182
23,01-2016,16980,1016,38.583333333333336
2,01-2016,10420,0023,35.27272727272727
3,01-2016,11460,0008,45.333333333333336
4,01-2016,12100,0006,32.11904761904762
5,01-2016,12100,1006,31.625
6,01-2016,15180,0006,30.727272727272727
7,01-2016,15940,0017,41.357142857142854
8,01-2016,15940,0020,37.63636363636363
9,01-2016,16980,0001,43.0
10,01-2016,16980,0003,37.888888888888886
11,01-2016,16980,0006,38.18181818181818
12,01-2016,16980,0007,36.333333333333336
13,01-2016,16980,0019,39.63636363636363
14,01-2016,16980,0022,41.0
15,01-2016,16980,0024,36.541666666666664
16,01-2016,16980,0026,43.375
17,01-2016,16980,0031,39.714285714285715
18,01-2016,16980,0052,41.36363636363637
19,01-2016,16980,0057,49.166666666666664
20,01-2016,16980,0076,45.166666666666664
21,01-2016,16980,1002,33.18181818181818
22,01-2016,16980,1011,33.0
49,01-2016,19820,0039,39.70967741935484
1,01-2016,10420,0017,47.31111111111111
51,01-2016,20100,0002,32.425
88,01-2016,37980,2004,43.278688524590166
78,01-2016,37980,0048,48.35294117647059
79,01-2016,37980,0055,53.774193548387096
80,01-2016,37980,0057,45.851851851851855
81,01-2016,37980,0075,51.310344827586206
82,01-2016,37980,0076,55.61538461538461
83,01-2016,37980,0100,42.981818181818184
84,01-2016,37980,0109,45.0
85,01-2016,37980,1003,36.36363636363637
86,01-2016,37980,1007,35.54545454545455
87,01-2016,37980,1012,39.72727272727273
89,01-2016,39740,0011,48.86440677966102
52,01-2016,20100,0003,34.18181818181818
90,01-2016,40140,0009,42.59375
91,01-2016,40140,0027,64.89830508474576
92,01-2016,40140,0306,27.516129032258064
93,01-2016,40140,1016,30.972972972972972
94,01-2016,40140,2002,38.18181818181818
95,01-2016,40140,5001,16.727272727272727
96,01-2016,40140,8001,46.027027027027025
97,01-2016,40140,8005,57.5
98,01-2016,40140,9004,42.333333333333336
99,01-2016,47220,0007,39.25806451612903
77,01-2016,37980,0004,38.06666666666667
76,01-2016,37980,0003,45.354838709677416
75,01-2016,37980,0002,49.46376811594203
74,01-2016,37100,3001,29.133333333333333
53,01-2016,22420,0021,37.09090909090909
54,01-2016,31080,0002,32.18181818181818
55,01-2016,31080,0007,46.54838709677419
56,01-2016,31080,1103,44.82857142857143
57,01-2016,31080,1201,35.63636363636363
58,01-2016,31080,1302,51.0
59,01-2016,31080,1602,49.72727272727273
60,01-2016,31080,2005,38.72727272727273
61,01-2016,31080,2022,29.636363636363637
62,01-2016,31080,4002,46.9
63,01-2016,31080,4004,45.833333333333336
64,01-2016,31080,4008,54.05263157894737
65,01-2016,31080,9033,25.129032258064516
66,01-2016,32580,0043,40.833333333333336
67,01-2016,32580,1046,26.636363636363637
68,01-2016,33140,0011,38.72727272727273
69,01-2016,33780,0006,38.7
70,01-2016,37100,0007,29.40740740740741
71,01-2016,37100,0009,15.192307692307692
72,01-2016,37100,1004,36.645161290322584
73,01-2016,37100,2002,25.966666666666665
0,01-2016,10300,0007,37.81818181818182
