,date,county,lat,lon,sample,aqi
0,2019-12-26,San Francisco,37.765946,-122.399044,7.043478260869565,29.0
1,2019-12-25,San Francisco,37.765946,-122.399044,3.5,15.0
2,2019-12-24,San Francisco,37.765946,-122.399044,5.333333333333333,22.0
3,2019-12-23,San Francisco,37.765946,-122.399044,5.416666666666667,23.0
4,2019-12-22,San Francisco,37.765946,-122.399044,4.666666666666667,19.0
5,2019-12-21,San Francisco,37.765946,-122.399044,12.666666666666666,52.0
6,2019-12-20,San Francisco,37.765946,-122.399044,14.541666666666666,56.0
7,2019-12-19,San Francisco,37.765946,-122.399044,6.875,28.0
8,2019-12-18,San Francisco,37.765946,-122.399044,3.7083333333333335,15.0
9,2019-12-17,San Francisco,37.765946,-122.399044,10.916666666666666,45.0
10,2019-12-16,San Francisco,37.765946,-122.399044,5.708333333333333,24.0
11,2019-12-15,San Francisco,37.765946,-122.399044,4.291666666666667,18.0
12,2019-12-14,San Francisco,37.765946,-122.399044,4.125,17.0
13,2019-12-13,San Francisco,37.765946,-122.399044,5.0,21.0
14,2019-12-12,San Francisco,37.765946,-122.399044,2.2083333333333335,9.0
15,2019-12-11,San Francisco,37.765946,-122.399044,8.083333333333334,33.0
16,2019-12-10,San Francisco,37.765946,-122.399044,9.304347826086957,39.0
17,2019-12-09,San Francisco,37.765946,-122.399044,6.791666666666667,28.0
18,2019-12-08,San Francisco,37.765946,-122.399044,4.125,17.0
19,2019-12-07,San Francisco,37.765946,-122.399044,3.8333333333333335,16.0
20,2019-12-06,San Francisco,37.765946,-122.399044,3.375,14.0
21,2019-12-05,San Francisco,37.765946,-122.399044,10.791666666666666,45.0
22,2019-12-04,San Francisco,37.765946,-122.399044,8.5,35.0
23,2019-12-03,San Francisco,37.765946,-122.399044,5.173913043478261,21.0
24,2019-12-02,San Francisco,37.765946,-122.399044,3.8333333333333335,16.0
25,2019-12-01,San Francisco,37.765946,-122.399044,1.625,7.0
26,2019-11-30,San Francisco,37.765946,-122.399044,3.375,14.0
27,2019-11-29,San Francisco,37.765946,-122.399044,5.625,23.0
28,2019-11-28,San Francisco,37.765946,-122.399044,6.125,25.0
29,2019-11-27,San Francisco,37.765946,-122.399044,6.416666666666667,27.0
30,2019-11-26,San Francisco,37.765946,-122.399044,5.833333333333333,24.0
31,2019-11-25,San Francisco,37.765946,-122.399044,9.5,40.0
32,2019-11-24,San Francisco,37.765946,-122.399044,12.416666666666666,52.0
33,2019-11-23,San Francisco,37.765946,-122.399044,15.291666666666666,58.0
34,2019-11-22,San Francisco,37.765946,-122.399044,14.0,55.0
35,2019-11-21,San Francisco,37.765946,-122.399044,11.458333333333334,48.0
36,2019-11-20,San Francisco,37.765946,-122.399044,8.434782608695652,35.0
37,2019-11-19,San Francisco,37.765946,-122.399044,7.75,32.0
38,2019-11-18,San Francisco,37.765946,-122.399044,17.565217391304348,62.0
39,2019-11-17,San Francisco,37.765946,-122.399044,13.666666666666666,54.0
40,2019-11-16,San Francisco,37.765946,-122.399044,9.25,38.0
41,2019-11-15,San Francisco,37.765946,-122.399044,3.125,13.0
42,2019-11-14,San Francisco,37.765946,-122.399044,8.608695652173912,36.0
43,2019-11-13,San Francisco,37.765946,-122.399044,9.458333333333334,39.0
44,2019-11-12,San Francisco,37.765946,-122.399044,11.416666666666666,48.0
45,2019-11-11,San Francisco,37.765946,-122.399044,14.041666666666666,55.0
46,2019-11-10,San Francisco,37.765946,-122.399044,11.083333333333334,46.0
47,2019-11-09,San Francisco,37.765946,-122.399044,18.5,64.0
48,2019-11-08,San Francisco,37.765946,-122.399044,22.041666666666668,72.0
49,2019-11-07,San Francisco,37.765946,-122.399044,13.208333333333334,53.0
50,2019-11-06,San Francisco,37.765946,-122.399044,9.916666666666666,41.0
51,2019-11-05,San Francisco,37.765946,-122.399044,10.08695652173913,42.0
52,2019-11-04,San Francisco,37.765946,-122.399044,10.875,45.0
53,2019-11-03,San Francisco,37.765946,-122.399044,12.75,52.0
54,2019-11-02,San Francisco,37.765946,-122.399044,14.833333333333334,57.0
55,2019-11-01,San Francisco,37.765946,-122.399044,14.125,55.0
56,2019-10-31,San Francisco,37.765946,-122.399044,11.26086956521739,47.0
57,2019-10-30,San Francisco,37.765946,-122.399044,6.916666666666667,29.0
58,2019-10-29,San Francisco,37.765946,-122.399044,11.458333333333334,48.0
59,2019-10-28,San Francisco,37.765946,-122.399044,15.583333333333334,58.0
60,2019-10-27,San Francisco,37.765946,-122.399044,5.75,24.0
61,2019-10-26,San Francisco,37.765946,-122.399044,17.458333333333332,62.0
62,2019-10-25,San Francisco,37.765946,-122.399044,18.916666666666668,65.0
63,2019-10-24,San Francisco,37.765946,-122.399044,7.625,32.0
64,2019-10-23,San Francisco,37.765946,-122.399044,12.416666666666666,52.0
65,2019-10-22,San Francisco,37.765946,-122.399044,11.666666666666666,48.0
66,2019-10-21,San Francisco,37.765946,-122.399044,10.666666666666666,44.0
67,2019-10-20,San Francisco,37.765946,-122.399044,8.25,34.0
68,2019-10-19,San Francisco,37.765946,-122.399044,10.041666666666666,42.0
69,2019-10-18,San Francisco,37.765946,-122.399044,10.208333333333334,43.0
70,2019-10-17,San Francisco,37.765946,-122.399044,5.75,24.0
71,2019-10-16,San Francisco,37.765946,-122.399044,3.652173913043478,15.0
72,2019-10-15,San Francisco,37.765946,-122.399044,11.625,48.0
73,2019-10-14,San Francisco,37.765946,-122.399044,9.958333333333334,41.0
74,2019-10-13,San Francisco,37.765946,-122.399044,6.0,25.0
75,2019-10-12,San Francisco,37.765946,-122.399044,10.833333333333334,45.0
76,2019-10-11,San Francisco,37.765946,-122.399044,8.708333333333334,36.0
77,2019-10-10,San Francisco,37.765946,-122.399044,6.875,28.0
78,2019-10-09,San Francisco,37.765946,-122.399044,10.25,43.0
79,2019-10-08,San Francisco,37.765946,-122.399044,11.041666666666666,46.0
80,2019-10-07,San Francisco,37.765946,-122.399044,10.25,43.0
81,2019-10-06,San Francisco,37.765946,-122.399044,8.083333333333334,33.0
82,2019-10-05,San Francisco,37.765946,-122.399044,6.666666666666667,28.0
83,2019-10-04,San Francisco,37.765946,-122.399044,6.333333333333333,26.0
84,2019-10-03,San Francisco,37.765946,-122.399044,6.583333333333333,27.0
85,2019-10-02,San Francisco,37.765946,-122.399044,6.913043478260869,29.0
86,2019-10-01,San Francisco,37.765946,-122.399044,4.083333333333333,17.0
87,2019-09-30,San Francisco,37.765946,-122.399044,4.125,17.0
88,2019-09-29,San Francisco,37.765946,-122.399044,6.291666666666667,26.0
89,2019-09-28,San Francisco,37.765946,-122.399044,8.958333333333334,37.0
90,2019-09-27,San Francisco,37.765946,-122.399044,4.0,17.0
91,2019-09-26,San Francisco,37.765946,-122.399044,11.75,49.0
92,2019-09-25,San Francisco,37.765946,-122.399044,11.869565217391305,49.0
93,2019-09-24,San Francisco,37.765946,-122.399044,12.458333333333334,52.0
94,2019-09-23,San Francisco,37.765946,-122.399044,5.791666666666667,24.0
95,2019-09-22,San Francisco,37.765946,-122.399044,6.0,25.0
96,2019-09-21,San Francisco,37.765946,-122.399044,7.5,31.0
97,2019-09-20,San Francisco,37.765946,-122.399044,7.166666666666667,30.0
98,2019-09-19,San Francisco,37.765946,-122.399044,5.333333333333333,22.0
99,2019-09-18,San Francisco,37.765946,-122.399044,3.4166666666666665,14.0
100,2019-09-17,San Francisco,37.765946,-122.399044,4.944444444444445,20.0
101,2019-09-12,San Francisco,37.765946,-122.399044,9.875,41.0
102,2019-09-11,San Francisco,37.765946,-122.399044,9.5,40.0
103,2019-09-10,San Francisco,37.765946,-122.399044,6.739130434782608,28.0
104,2019-09-09,San Francisco,37.765946,-122.399044,5.291666666666667,22.0
105,2019-09-08,San Francisco,37.765946,-122.399044,6.0,25.0
106,2019-09-07,San Francisco,37.765946,-122.399044,3.625,15.0
107,2019-09-06,San Francisco,37.765946,-122.399044,3.3333333333333335,14.0
108,2019-09-05,San Francisco,37.765946,-122.399044,3.5,15.0
109,2019-09-04,San Francisco,37.765946,-122.399044,5.304347826086956,22.0
110,2019-09-03,San Francisco,37.765946,-122.399044,4.458333333333333,18.0
111,2019-09-02,San Francisco,37.765946,-122.399044,6.25,26.0
112,2019-09-01,San Francisco,37.765946,-122.399044,4.208333333333333,18.0
113,2019-08-31,San Francisco,37.765946,-122.399044,7.083333333333333,29.0
114,2019-08-30,San Francisco,37.765946,-122.399044,7.208333333333333,30.0
115,2019-08-29,San Francisco,37.765946,-122.399044,9.458333333333334,39.0
116,2019-08-28,San Francisco,37.765946,-122.399044,6.363636363636363,26.0
117,2019-08-27,San Francisco,37.765946,-122.399044,4.75,20.0
118,2019-08-26,San Francisco,37.765946,-122.399044,3.4166666666666665,14.0
119,2019-08-25,San Francisco,37.765946,-122.399044,4.958333333333333,20.0
120,2019-08-24,San Francisco,37.765946,-122.399044,6.708333333333333,28.0
121,2019-08-23,San Francisco,37.765946,-122.399044,7.75,32.0
122,2019-08-22,San Francisco,37.765946,-122.399044,6.6521739130434785,28.0
123,2019-08-21,San Francisco,37.765946,-122.399044,4.958333333333333,20.0
124,2019-08-20,San Francisco,37.765946,-122.399044,5.458333333333333,23.0
125,2019-08-19,San Francisco,37.765946,-122.399044,3.5416666666666665,15.0
126,2019-08-18,San Francisco,37.765946,-122.399044,5.125,21.0
127,2019-08-17,San Francisco,37.765946,-122.399044,10.75,45.0
128,2019-08-16,San Francisco,37.765946,-122.399044,15.708333333333334,59.0
129,2019-08-15,San Francisco,37.765946,-122.399044,15.125,57.0
130,2019-08-14,San Francisco,37.765946,-122.399044,12.291666666666666,51.0
131,2019-08-13,San Francisco,37.765946,-122.399044,8.208333333333334,34.0
132,2019-08-12,San Francisco,37.765946,-122.399044,7.260869565217392,30.0
133,2019-08-11,San Francisco,37.765946,-122.399044,4.208333333333333,18.0
134,2019-08-10,San Francisco,37.765946,-122.399044,0.9166666666666666,4.0
135,2019-08-09,San Francisco,37.765946,-122.399044,4.25,18.0
136,2019-08-08,San Francisco,37.765946,-122.399044,6.083333333333333,25.0
137,2019-08-07,San Francisco,37.765946,-122.399044,9.041666666666666,38.0
138,2019-08-06,San Francisco,37.765946,-122.399044,10.173913043478262,42.0
139,2019-08-05,San Francisco,37.765946,-122.399044,10.458333333333334,43.0
140,2019-08-04,San Francisco,37.765946,-122.399044,7.166666666666667,30.0
141,2019-08-03,San Francisco,37.765946,-122.399044,2.25,9.0
142,2019-08-02,San Francisco,37.765946,-122.399044,2.9583333333333335,12.0
143,2019-08-01,San Francisco,37.765946,-122.399044,2.7083333333333335,11.0
144,2019-07-31,San Francisco,37.765946,-122.399044,8.478260869565217,35.0
145,2019-07-30,San Francisco,37.765946,-122.399044,9.083333333333334,38.0
146,2019-07-29,San Francisco,37.765946,-122.399044,13.083333333333334,53.0
147,2019-07-28,San Francisco,37.765946,-122.399044,11.708333333333334,49.0
148,2019-07-27,San Francisco,37.765946,-122.399044,5.208333333333333,22.0
149,2019-07-26,San Francisco,37.765946,-122.399044,3.5416666666666665,15.0
150,2019-07-25,San Francisco,37.765946,-122.399044,10.208333333333334,43.0
151,2019-07-24,San Francisco,37.765946,-122.399044,12.478260869565217,52.0
152,2019-07-23,San Francisco,37.765946,-122.399044,6.125,25.0
153,2019-07-22,San Francisco,37.765946,-122.399044,7.125,30.0
154,2019-07-21,San Francisco,37.765946,-122.399044,6.541666666666667,27.0
155,2019-07-20,San Francisco,37.765946,-122.399044,5.375,22.0
156,2019-07-19,San Francisco,37.765946,-122.399044,9.875,41.0
157,2019-07-18,San Francisco,37.765946,-122.399044,4.25,18.0
158,2019-07-17,San Francisco,37.765946,-122.399044,8.695652173913043,36.0
159,2019-07-16,San Francisco,37.765946,-122.399044,4.166666666666667,17.0
160,2019-07-15,San Francisco,37.765946,-122.399044,7.708333333333333,32.0
161,2019-07-14,San Francisco,37.765946,-122.399044,5.958333333333333,25.0
162,2019-07-13,San Francisco,37.765946,-122.399044,5.25,22.0
163,2019-07-12,San Francisco,37.765946,-122.399044,3.75,15.0
164,2019-07-11,San Francisco,37.765946,-122.399044,2.2083333333333335,9.0
165,2019-07-10,San Francisco,37.765946,-122.399044,4.0,17.0
166,2019-07-09,San Francisco,37.765946,-122.399044,4.416666666666667,18.0
167,2019-07-08,San Francisco,37.765946,-122.399044,7.458333333333333,31.0
168,2019-07-07,San Francisco,37.765946,-122.399044,10.375,43.0
169,2019-07-06,San Francisco,37.765946,-122.399044,11.208333333333334,47.0
170,2019-07-05,San Francisco,37.765946,-122.399044,8.416666666666666,35.0
171,2019-07-04,San Francisco,37.765946,-122.399044,9.166666666666666,38.0
172,2019-07-03,San Francisco,37.765946,-122.399044,9.916666666666666,41.0
173,2019-07-02,San Francisco,37.765946,-122.399044,10.333333333333334,43.0
174,2019-07-01,San Francisco,37.765946,-122.399044,8.652173913043478,36.0
175,2019-06-30,San Francisco,37.765946,-122.399044,6.625,28.0
176,2019-06-29,San Francisco,37.765946,-122.399044,7.166666666666667,30.0
177,2019-06-28,San Francisco,37.765946,-122.399044,6.041666666666667,25.0
178,2019-06-27,San Francisco,37.765946,-122.399044,5.125,21.0
179,2019-06-26,San Francisco,37.765946,-122.399044,5.25,22.0
180,2019-06-25,San Francisco,37.765946,-122.399044,9.041666666666666,38.0
181,2019-06-24,San Francisco,37.765946,-122.399044,10.083333333333334,42.0
182,2019-06-23,San Francisco,37.765946,-122.399044,12.625,52.0
183,2019-06-22,San Francisco,37.765946,-122.399044,16.875,61.0
184,2019-06-21,San Francisco,37.765946,-122.399044,11.833333333333334,49.0
185,2019-06-20,San Francisco,37.765946,-122.399044,10.375,43.0
186,2019-06-19,San Francisco,37.765946,-122.399044,5.086956521739131,21.0
187,2019-06-18,San Francisco,37.765946,-122.399044,6.25,26.0
188,2019-06-17,San Francisco,37.765946,-122.399044,9.5,40.0
189,2019-06-16,San Francisco,37.765946,-122.399044,6.125,25.0
190,2019-06-15,San Francisco,37.765946,-122.399044,4.958333333333333,20.0
191,2019-06-14,San Francisco,37.765946,-122.399044,6.416666666666667,27.0
192,2019-06-13,San Francisco,37.765946,-122.399044,4.458333333333333,18.0
193,2019-06-12,San Francisco,37.765946,-122.399044,10.875,45.0
194,2019-06-11,San Francisco,37.765946,-122.399044,14.869565217391305,57.0
195,2019-06-10,San Francisco,37.765946,-122.399044,12.583333333333334,52.0
196,2019-06-09,San Francisco,37.765946,-122.399044,12.708333333333334,52.0
197,2019-06-08,San Francisco,37.765946,-122.399044,7.5,31.0
198,2019-06-07,San Francisco,37.765946,-122.399044,9.083333333333334,38.0
199,2019-06-06,San Francisco,37.765946,-122.399044,8.583333333333334,35.0
200,2019-06-05,San Francisco,37.765946,-122.399044,13.130434782608695,53.0
201,2019-06-04,San Francisco,37.765946,-122.399044,15.416666666666666,58.0
202,2019-06-03,San Francisco,37.765946,-122.399044,7.083333333333333,29.0
203,2019-06-02,San Francisco,37.765946,-122.399044,1.5833333333333333,6.0
204,2019-06-01,San Francisco,37.765946,-122.399044,7.041666666666667,29.0
205,2019-05-31,San Francisco,37.765946,-122.399044,6.875,28.0
206,2019-05-30,San Francisco,37.765946,-122.399044,3.9166666666666665,16.0
207,2019-05-29,San Francisco,37.765946,-122.399044,12.217391304347826,51.0
208,2019-05-28,San Francisco,37.765946,-122.399044,9.041666666666666,38.0
209,2019-05-27,San Francisco,37.765946,-122.399044,6.75,28.0
210,2019-05-26,San Francisco,37.765946,-122.399044,6.041666666666667,25.0
211,2019-05-25,San Francisco,37.765946,-122.399044,9.166666666666666,38.0
212,2019-05-24,San Francisco,37.765946,-122.399044,4.375,18.0
213,2019-05-23,San Francisco,37.765946,-122.399044,12.217391304347826,51.0
214,2019-05-22,San Francisco,37.765946,-122.399044,8.666666666666666,36.0
215,2019-05-21,San Francisco,37.765946,-122.399044,6.25,26.0
216,2019-05-20,San Francisco,37.765946,-122.399044,4.2272727272727275,18.0
217,2019-05-19,San Francisco,37.765946,-122.399044,4.041666666666667,17.0
218,2019-05-18,San Francisco,37.765946,-122.399044,3.7083333333333335,15.0
219,2019-05-17,San Francisco,37.765946,-122.399044,6.541666666666667,27.0
220,2019-05-16,San Francisco,37.765946,-122.399044,7.739130434782608,32.0
221,2019-05-15,San Francisco,37.765946,-122.399044,3.7916666666666665,15.0
222,2019-05-14,San Francisco,37.765946,-122.399044,4.826086956521739,20.0
223,2019-05-13,San Francisco,37.765946,-122.399044,4.791666666666667,20.0
224,2019-05-12,San Francisco,37.765946,-122.399044,6.541666666666667,27.0
225,2019-05-11,San Francisco,37.765946,-122.399044,5.666666666666667,23.0
226,2019-05-10,San Francisco,37.765946,-122.399044,5.086956521739131,21.0
227,2019-05-09,San Francisco,37.765946,-122.399044,4.833333333333333,20.0
228,2019-05-08,San Francisco,37.765946,-122.399044,4.75,20.0
229,2019-05-07,San Francisco,37.765946,-122.399044,2.5416666666666665,10.0
230,2019-05-06,San Francisco,37.765946,-122.399044,2.0,8.0
231,2019-05-05,San Francisco,37.765946,-122.399044,3.5,15.0
232,2019-05-04,San Francisco,37.765946,-122.399044,8.791666666666666,36.0
233,2019-05-03,San Francisco,37.765946,-122.399044,11.5,48.0
234,2019-05-02,San Francisco,37.765946,-122.399044,11.347826086956522,47.0
235,2019-05-01,San Francisco,37.765946,-122.399044,12.75,52.0
236,2019-04-30,San Francisco,37.765946,-122.399044,12.375,51.0
237,2019-04-29,San Francisco,37.765946,-122.399044,12.5,52.0
238,2019-04-28,San Francisco,37.765946,-122.399044,14.333333333333334,56.0
239,2019-04-27,San Francisco,37.765946,-122.399044,15.041666666666666,57.0
240,2019-04-26,San Francisco,37.765946,-122.399044,13.916666666666666,55.0
241,2019-04-25,San Francisco,37.765946,-122.399044,15.125,57.0
242,2019-04-24,San Francisco,37.765946,-122.399044,17.625,63.0
243,2019-04-23,San Francisco,37.765946,-122.399044,15.333333333333334,58.0
244,2019-04-22,San Francisco,37.765946,-122.399044,14.217391304347826,55.0
245,2019-04-21,San Francisco,37.765946,-122.399044,12.041666666666666,50.0
246,2019-04-20,San Francisco,37.765946,-122.399044,6.916666666666667,29.0
247,2019-04-19,San Francisco,37.765946,-122.399044,4.208333333333333,18.0
248,2019-04-18,San Francisco,37.765946,-122.399044,8.083333333333334,33.0
249,2019-04-17,San Francisco,37.765946,-122.399044,6.458333333333333,27.0
250,2019-04-16,San Francisco,37.765946,-122.399044,4.625,19.0
251,2019-04-15,San Francisco,37.765946,-122.399044,6.782608695652174,28.0
252,2019-04-14,San Francisco,37.765946,-122.399044,6.958333333333333,29.0
253,2019-04-13,San Francisco,37.765946,-122.399044,9.958333333333334,41.0
254,2019-04-12,San Francisco,37.765946,-122.399044,6.5,27.0
255,2019-04-11,San Francisco,37.765946,-122.399044,8.583333333333334,35.0
256,2019-04-10,San Francisco,37.765946,-122.399044,7.173913043478261,30.0
257,2019-04-09,San Francisco,37.765946,-122.399044,6.041666666666667,25.0
258,2019-04-08,San Francisco,37.765946,-122.399044,5.291666666666667,22.0
259,2019-04-07,San Francisco,37.765946,-122.399044,5.791666666666667,24.0
260,2019-04-06,San Francisco,37.765946,-122.399044,4.25,18.0
261,2019-04-05,San Francisco,37.765946,-122.399044,2.375,10.0
262,2019-04-04,San Francisco,37.765946,-122.399044,1.1304347826086956,5.0
263,2019-04-03,San Francisco,37.765946,-122.399044,2.0833333333333335,8.0
264,2019-04-02,San Francisco,37.765946,-122.399044,2.7916666666666665,11.0
265,2019-04-01,San Francisco,37.765946,-122.399044,6.0,25.0
266,2019-03-31,San Francisco,37.765946,-122.399044,6.791666666666667,28.0
267,2019-03-30,San Francisco,37.765946,-122.399044,5.291666666666667,22.0
268,2019-03-29,San Francisco,37.765946,-122.399044,5.434782608695652,23.0
269,2019-03-28,San Francisco,37.765946,-122.399044,5.708333333333333,24.0
270,2019-03-27,San Francisco,37.765946,-122.399044,3.5833333333333335,15.0
271,2019-03-26,San Francisco,37.765946,-122.399044,4.166666666666667,17.0
272,2019-03-25,San Francisco,37.765946,-122.399044,4.916666666666667,20.0
273,2019-03-24,San Francisco,37.765946,-122.399044,6.041666666666667,25.0
274,2019-03-23,San Francisco,37.765946,-122.399044,6.333333333333333,26.0
275,2019-03-22,San Francisco,37.765946,-122.399044,4.75,20.0
276,2019-03-21,San Francisco,37.765946,-122.399044,6.5,27.0
277,2019-03-20,San Francisco,37.765946,-122.399044,5.541666666666667,23.0
278,2019-03-19,San Francisco,37.765946,-122.399044,9.217391304347826,38.0
279,2019-03-18,San Francisco,37.765946,-122.399044,12.208333333333334,51.0
280,2019-03-17,San Francisco,37.765946,-122.399044,10.25,43.0
281,2019-03-16,San Francisco,37.765946,-122.399044,7.916666666666667,33.0
282,2019-03-15,San Francisco,37.765946,-122.399044,6.217391304347826,26.0
283,2019-03-14,San Francisco,37.765946,-122.399044,5.416666666666667,23.0
284,2019-03-13,San Francisco,37.765946,-122.399044,5.958333333333333,25.0
285,2019-03-12,San Francisco,37.765946,-122.399044,7.833333333333333,33.0
286,2019-03-11,San Francisco,37.765946,-122.399044,6.565217391304348,27.0
287,2019-03-10,San Francisco,37.765946,-122.399044,3.3333333333333335,14.0
288,2019-03-09,San Francisco,37.765946,-122.399044,3.875,16.0
289,2019-03-08,San Francisco,37.765946,-122.399044,3.4347826086956523,14.0
290,2019-03-07,San Francisco,37.765946,-122.399044,4.416666666666667,18.0
291,2019-03-06,San Francisco,37.765946,-122.399044,3.2083333333333335,13.0
292,2019-03-05,San Francisco,37.765946,-122.399044,5.478260869565218,23.0
293,2019-03-04,San Francisco,37.765946,-122.399044,5.708333333333333,24.0
294,2019-03-03,San Francisco,37.765946,-122.399044,4.583333333333333,19.0
295,2019-03-02,San Francisco,37.765946,-122.399044,6.208333333333333,26.0
296,2019-03-01,San Francisco,37.765946,-122.399044,6.913043478260869,29.0
297,2019-02-28,San Francisco,37.765946,-122.399044,4.75,20.0
298,2019-02-27,San Francisco,37.765946,-122.399044,3.125,13.0
299,2019-02-26,San Francisco,37.765946,-122.399044,3.590909090909091,15.0
300,2019-02-25,San Francisco,37.765946,-122.399044,5.541666666666667,23.0
301,2019-02-24,San Francisco,37.765946,-122.399044,5.75,24.0
302,2019-02-23,San Francisco,37.765946,-122.399044,6.125,25.0
303,2019-02-22,San Francisco,37.765946,-122.399044,4.166666666666667,17.0
304,2019-02-21,San Francisco,37.765946,-122.399044,4.0,17.0
305,2019-02-20,San Francisco,37.765946,-122.399044,3.6956521739130435,15.0
306,2019-02-19,San Francisco,37.765946,-122.399044,5.375,22.0
307,2019-02-18,San Francisco,37.765946,-122.399044,4.625,19.0
308,2019-02-17,San Francisco,37.765946,-122.399044,3.625,15.0
309,2019-02-16,San Francisco,37.765946,-122.399044,5.833333333333333,24.0
310,2019-02-15,San Francisco,37.765946,-122.399044,5.304347826086956,22.0
311,2019-02-14,San Francisco,37.765946,-122.399044,3.9583333333333335,16.0
312,2019-02-13,San Francisco,37.765946,-122.399044,2.75,11.0
313,2019-02-12,San Francisco,37.765946,-122.399044,6.875,28.0
314,2019-02-11,San Francisco,37.765946,-122.399044,6.25,26.0
315,2019-02-10,San Francisco,37.765946,-122.399044,3.4583333333333335,14.0
316,2019-02-09,San Francisco,37.765946,-122.399044,5.125,21.0
317,2019-02-08,San Francisco,37.765946,-122.399044,7.041666666666667,29.0
318,2019-02-07,San Francisco,37.765946,-122.399044,6.291666666666667,26.0
319,2019-02-06,San Francisco,37.765946,-122.399044,6.375,26.0
320,2019-02-05,San Francisco,37.765946,-122.399044,4.434782608695652,18.0
321,2019-02-04,San Francisco,37.765946,-122.399044,4.125,17.0
322,2019-02-03,San Francisco,37.765946,-122.399044,3.5833333333333335,15.0
323,2019-02-02,San Francisco,37.765946,-122.399044,4.208333333333333,18.0
324,2019-02-01,San Francisco,37.765946,-122.399044,4.583333333333333,19.0
325,2019-01-31,San Francisco,37.765946,-122.399044,10.5,44.0
326,2019-01-30,San Francisco,37.765946,-122.399044,10.375,43.0
327,2019-01-29,San Francisco,37.765946,-122.399044,7.086956521739131,29.0
328,2019-01-28,San Francisco,37.765946,-122.399044,11.791666666666666,49.0
329,2019-01-27,San Francisco,37.765946,-122.399044,21.625,71.0
330,2019-01-26,San Francisco,37.765946,-122.399044,14.125,55.0
331,2019-01-25,San Francisco,37.765946,-122.399044,14.791666666666666,56.0
332,2019-01-22,San Francisco,37.765946,-122.399044,5.791666666666667,24.0
333,2019-01-21,San Francisco,37.765946,-122.399044,4.916666666666667,20.0
334,2019-01-20,San Francisco,37.765946,-122.399044,3.7916666666666665,15.0
335,2019-01-19,San Francisco,37.765946,-122.399044,11.625,48.0
336,2019-01-18,San Francisco,37.765946,-122.399044,14.291666666666666,55.0
337,2019-01-17,San Francisco,37.765946,-122.399044,12.458333333333334,52.0
338,2019-01-16,San Francisco,37.765946,-122.399044,3.391304347826087,14.0
339,2019-01-15,San Francisco,37.765946,-122.399044,2.4166666666666665,10.0
340,2019-01-14,San Francisco,37.765946,-122.399044,6.708333333333333,28.0
341,2019-01-13,San Francisco,37.765946,-122.399044,9.875,41.0
342,2019-01-12,San Francisco,37.765946,-122.399044,7.458333333333333,31.0
343,2019-01-11,San Francisco,37.765946,-122.399044,9.625,40.0
344,2019-01-10,San Francisco,37.765946,-122.399044,12.0,50.0
345,2019-01-09,San Francisco,37.765946,-122.399044,6.25,26.0
346,2019-01-08,San Francisco,37.765946,-122.399044,5.958333333333333,25.0
347,2019-01-07,San Francisco,37.765946,-122.399044,6.25,26.0
348,2019-01-06,San Francisco,37.765946,-122.399044,4.304347826086956,18.0
349,2019-01-05,San Francisco,37.765946,-122.399044,6.083333333333333,25.0
350,2019-01-04,San Francisco,37.765946,-122.399044,25.434782608695652,79.0
351,2019-01-03,San Francisco,37.765946,-122.399044,21.791666666666668,71.0
352,2019-01-02,San Francisco,37.765946,-122.399044,11.5,48.0
353,2019-01-01,San Francisco,37.765946,-122.399044,3.875,16.0
354,2018-12-30,San Francisco,37.765946,-122.399044,10.714285714285714,40.0
355,2018-12-29,San Francisco,37.765946,-122.399044,7.833333333333333,33.0
356,2018-12-28,San Francisco,37.765946,-122.399044,5.583333333333333,23.0
357,2018-12-27,San Francisco,37.765946,-122.399044,3.0869565217391304,13.0
358,2018-12-26,San Francisco,37.765946,-122.399044,4.375,18.0
359,2018-12-25,San Francisco,37.765946,-122.399044,4.916666666666667,20.0
360,2018-12-24,San Francisco,37.765946,-122.399044,8.708333333333334,36.0
361,2018-12-23,San Francisco,37.765946,-122.399044,8.458333333333334,35.0
362,2018-12-22,San Francisco,37.765946,-122.399044,6.541666666666667,27.0
363,2018-12-21,San Francisco,37.765946,-122.399044,11.73913043478261,49.0
364,2018-12-20,San Francisco,37.765946,-122.399044,18.666666666666668,65.0
365,2018-12-19,San Francisco,37.765946,-122.399044,7.791666666666667,32.0
366,2018-12-18,San Francisco,37.765946,-122.399044,8.625,36.0
367,2018-12-17,San Francisco,37.765946,-122.399044,8.541666666666666,35.0
368,2018-12-16,San Francisco,37.765946,-122.399044,4.333333333333333,18.0
369,2018-12-15,San Francisco,37.765946,-122.399044,10.291666666666666,43.0
370,2018-12-14,San Francisco,37.765946,-122.399044,17.875,63.0
371,2018-12-13,San Francisco,37.765946,-122.399044,14.541666666666666,56.0
372,2018-12-12,San Francisco,37.765946,-122.399044,11.25,47.0
373,2018-12-11,San Francisco,37.765946,-122.399044,11.73913043478261,49.0
374,2018-12-10,San Francisco,37.765946,-122.399044,21.625,71.0
375,2018-12-09,San Francisco,37.765946,-122.399044,30.375,89.0
376,2018-12-08,San Francisco,37.765946,-122.399044,18.875,65.0
377,2018-12-07,San Francisco,37.765946,-122.399044,12.5,52.0
378,2018-12-06,San Francisco,37.765946,-122.399044,7.913043478260869,33.0
379,2018-12-05,San Francisco,37.765946,-122.399044,6.958333333333333,29.0
380,2018-12-04,San Francisco,37.765946,-122.399044,10.25,43.0
381,2018-12-03,San Francisco,37.765946,-122.399044,5.833333333333333,24.0
382,2018-12-02,San Francisco,37.765946,-122.399044,3.7083333333333335,15.0
383,2018-12-01,San Francisco,37.765946,-122.399044,4.666666666666667,19.0
384,2018-11-30,San Francisco,37.765946,-122.399044,6.833333333333333,28.0
385,2018-11-29,San Francisco,37.765946,-122.399044,6.5,27.0
386,2018-11-28,San Francisco,37.765946,-122.399044,5.625,23.0
387,2018-11-27,San Francisco,37.765946,-122.399044,9.416666666666666,39.0
388,2018-11-26,San Francisco,37.765946,-122.399044,10.333333333333334,43.0
389,2018-11-25,San Francisco,37.765946,-122.399044,9.5,40.0
390,2018-11-24,San Francisco,37.765946,-122.399044,3.9166666666666665,16.0
391,2018-11-23,San Francisco,37.765946,-122.399044,3.375,14.0
392,2018-11-22,San Francisco,37.765946,-122.399044,2.4583333333333335,10.0
393,2018-11-21,San Francisco,37.765946,-122.399044,13.956521739130435,55.0
394,2018-11-20,San Francisco,37.765946,-122.399044,65.41666666666667,156.0
395,2018-11-19,San Francisco,37.765946,-122.399044,99.29166666666667,174.0
396,2018-11-18,San Francisco,37.765946,-122.399044,55.791666666666664,151.0
397,2018-11-17,San Francisco,37.765946,-122.399044,69.70833333333333,158.0
398,2018-11-16,San Francisco,37.765946,-122.399044,177.45833333333334,228.0
399,2018-11-15,San Francisco,37.765946,-122.399044,145.45833333333334,197.0
400,2018-11-14,San Francisco,37.765946,-122.399044,97.66666666666667,173.0
401,2018-11-13,San Francisco,37.765946,-122.399044,80.79166666666667,164.0
402,2018-11-12,San Francisco,37.765946,-122.399044,82.83333333333333,165.0
403,2018-11-11,San Francisco,37.765946,-122.399044,87.20833333333333,167.0
404,2018-11-10,San Francisco,37.765946,-122.399044,96.58333333333333,172.0
405,2018-11-09,San Francisco,37.765946,-122.399044,65.54166666666667,156.0
406,2018-11-08,San Francisco,37.765946,-122.399044,23.958333333333332,76.0
407,2018-11-07,San Francisco,37.765946,-122.399044,12.869565217391305,52.0
408,2018-11-06,San Francisco,37.765946,-122.399044,11.043478260869565,46.0
409,2018-11-05,San Francisco,37.765946,-122.399044,10.25,43.0
410,2018-11-04,San Francisco,37.765946,-122.399044,11.166666666666666,46.0
411,2018-11-03,San Francisco,37.765946,-122.399044,11.833333333333334,49.0
412,2018-11-02,San Francisco,37.765946,-122.399044,11.916666666666666,50.0
413,2018-11-01,San Francisco,37.765946,-122.399044,11.208333333333334,47.0
414,2018-10-31,San Francisco,37.765946,-122.399044,12.956521739130435,53.0
415,2018-10-30,San Francisco,37.765946,-122.399044,8.958333333333334,37.0
416,2018-10-29,San Francisco,37.765946,-122.399044,7.291666666666667,30.0
417,2018-10-28,San Francisco,37.765946,-122.399044,4.625,19.0
418,2018-10-27,San Francisco,37.765946,-122.399044,2.4583333333333335,10.0
419,2018-10-26,San Francisco,37.765946,-122.399044,7.0,29.0
420,2018-10-21,San Francisco,37.765946,-122.399044,11.291666666666666,47.0
421,2018-10-20,San Francisco,37.765946,-122.399044,13.666666666666666,54.0
422,2018-10-19,San Francisco,37.765946,-122.399044,16.291666666666668,60.0
423,2018-10-18,San Francisco,37.765946,-122.399044,13.521739130434783,54.0
424,2018-10-17,San Francisco,37.765946,-122.399044,17.833333333333332,63.0
425,2018-10-16,San Francisco,37.765946,-122.399044,9.875,41.0
426,2018-10-15,San Francisco,37.765946,-122.399044,7.125,30.0
427,2018-10-14,San Francisco,37.765946,-122.399044,11.541666666666666,48.0
428,2018-10-13,San Francisco,37.765946,-122.399044,9.791666666666666,40.0
429,2018-10-12,San Francisco,37.765946,-122.399044,6.541666666666667,27.0
430,2018-10-11,San Francisco,37.765946,-122.399044,7.375,30.0
431,2018-10-10,San Francisco,37.765946,-122.399044,7.956521739130435,33.0
432,2018-10-09,San Francisco,37.765946,-122.399044,6.391304347826087,26.0
433,2018-10-08,San Francisco,37.765946,-122.399044,7.375,30.0
434,2018-10-07,San Francisco,37.765946,-122.399044,8.25,34.0
435,2018-10-06,San Francisco,37.765946,-122.399044,5.666666666666667,23.0
436,2018-10-05,San Francisco,37.765946,-122.399044,6.333333333333333,26.0
437,2018-10-04,San Francisco,37.765946,-122.399044,2.0416666666666665,8.0
438,2018-10-03,San Francisco,37.765946,-122.399044,-0.5416666666666666,0.0
439,2018-10-02,San Francisco,37.765946,-122.399044,5.5,23.0
440,2018-10-01,San Francisco,37.765946,-122.399044,8.26086956521739,34.0
441,2018-09-30,San Francisco,37.765946,-122.399044,2.625,11.0
442,2018-09-29,San Francisco,37.765946,-122.399044,6.208333333333333,26.0
443,2018-09-28,San Francisco,37.765946,-122.399044,11.375,47.0
444,2018-09-27,San Francisco,37.765946,-122.399044,6.130434782608695,25.0
445,2018-09-26,San Francisco,37.765946,-122.399044,11.375,47.0
446,2018-09-25,San Francisco,37.765946,-122.399044,13.791666666666666,54.0
447,2018-09-24,San Francisco,37.765946,-122.399044,14.333333333333334,56.0
448,2018-09-23,San Francisco,37.765946,-122.399044,10.583333333333334,44.0
449,2018-09-22,San Francisco,37.765946,-122.399044,9.625,40.0
450,2018-09-21,San Francisco,37.765946,-122.399044,16.916666666666668,61.0
451,2018-09-20,San Francisco,37.765946,-122.399044,21.375,70.0
452,2018-09-19,San Francisco,37.765946,-122.399044,13.458333333333334,54.0
453,2018-09-18,San Francisco,37.765946,-122.399044,9.304347826086957,39.0
454,2018-09-17,San Francisco,37.765946,-122.399044,5.041666666666667,21.0
455,2018-09-16,San Francisco,37.765946,-122.399044,4.166666666666667,17.0
456,2018-09-15,San Francisco,37.765946,-122.399044,5.083333333333333,21.0
457,2018-09-14,San Francisco,37.765946,-122.399044,5.75,24.0
458,2018-09-13,San Francisco,37.765946,-122.399044,6.583333333333333,27.0
459,2018-09-12,San Francisco,37.765946,-122.399044,9.0,38.0
460,2018-09-11,San Francisco,37.765946,-122.399044,12.791666666666666,52.0
461,2018-09-10,San Francisco,37.765946,-122.399044,11.25,47.0
462,2018-09-09,San Francisco,37.765946,-122.399044,8.875,37.0
463,2018-09-08,San Francisco,37.765946,-122.399044,8.791666666666666,36.0
464,2018-09-07,San Francisco,37.765946,-122.399044,11.416666666666666,48.0
465,2018-09-06,San Francisco,37.765946,-122.399044,11.125,46.0
466,2018-09-05,San Francisco,37.765946,-122.399044,10.869565217391305,45.0
467,2018-09-04,San Francisco,37.765946,-122.399044,15.958333333333334,59.0
468,2018-09-03,San Francisco,37.765946,-122.399044,17.083333333333332,61.0
469,2018-09-02,San Francisco,37.765946,-122.399044,15.375,58.0
470,2018-09-01,San Francisco,37.765946,-122.399044,10.583333333333334,44.0
471,2018-08-31,San Francisco,37.765946,-122.399044,7.416666666666667,31.0
472,2018-08-30,San Francisco,37.765946,-122.399044,8.916666666666666,37.0
473,2018-08-29,San Francisco,37.765946,-122.399044,8.291666666666666,34.0
474,2018-08-28,San Francisco,37.765946,-122.399044,7.722222222222222,32.0
475,2018-08-26,San Francisco,37.765946,-122.399044,13.5,54.0
476,2018-08-25,San Francisco,37.765946,-122.399044,16.708333333333332,61.0
477,2018-08-24,San Francisco,37.765946,-122.399044,20.125,68.0
478,2018-08-23,San Francisco,37.765946,-122.399044,46.43478260869565,128.0
479,2018-08-22,San Francisco,37.765946,-122.399044,27.208333333333332,83.0
480,2018-08-21,San Francisco,37.765946,-122.399044,14.25,55.0
481,2018-08-20,San Francisco,37.765946,-122.399044,21.541666666666668,71.0
482,2018-08-19,San Francisco,37.765946,-122.399044,20.458333333333332,68.0
483,2018-08-18,San Francisco,37.765946,-122.399044,7.541666666666667,31.0
484,2018-08-17,San Francisco,37.765946,-122.399044,14.666666666666666,56.0
485,2018-08-16,San Francisco,37.765946,-122.399044,17.708333333333332,63.0
486,2018-08-15,San Francisco,37.765946,-122.399044,15.333333333333334,58.0
487,2018-08-14,San Francisco,37.765946,-122.399044,5.608695652173913,23.0
488,2018-08-13,San Francisco,37.765946,-122.399044,6.333333333333333,26.0
489,2018-08-12,San Francisco,37.765946,-122.399044,9.416666666666666,39.0
490,2018-08-11,San Francisco,37.765946,-122.399044,5.333333333333333,22.0
491,2018-08-10,San Francisco,37.765946,-122.399044,5.208333333333333,22.0
492,2018-08-09,San Francisco,37.765946,-122.399044,3.3043478260869565,14.0
493,2018-08-08,San Francisco,37.765946,-122.399044,4.375,18.0
494,2018-08-07,San Francisco,37.765946,-122.399044,4.565217391304348,19.0
495,2018-08-06,San Francisco,37.765946,-122.399044,6.916666666666667,29.0
496,2018-08-05,San Francisco,37.765946,-122.399044,7.083333333333333,29.0
497,2018-08-04,San Francisco,37.765946,-122.399044,8.916666666666666,37.0
498,2018-08-03,San Francisco,37.765946,-122.399044,12.91304347826087,53.0
499,2018-08-02,San Francisco,37.765946,-122.399044,7.541666666666667,31.0
500,2018-08-01,San Francisco,37.765946,-122.399044,6.5,27.0
501,2018-07-31,San Francisco,37.765946,-122.399044,6.434782608695652,27.0
502,2018-07-30,San Francisco,37.765946,-122.399044,6.869565217391305,28.0
503,2018-07-29,San Francisco,37.765946,-122.399044,3.0416666666666665,13.0
504,2018-07-28,San Francisco,37.765946,-122.399044,5.625,23.0
505,2018-07-27,San Francisco,37.765946,-122.399044,6.666666666666667,28.0
506,2018-07-26,San Francisco,37.765946,-122.399044,9.181818181818182,38.0
507,2018-07-25,San Francisco,37.765946,-122.399044,7.416666666666667,31.0
508,2018-07-24,San Francisco,37.765946,-122.399044,10.208333333333334,43.0
509,2018-07-23,San Francisco,37.765946,-122.399044,8.583333333333334,35.0
510,2018-07-22,San Francisco,37.765946,-122.399044,5.083333333333333,21.0
511,2018-07-21,San Francisco,37.765946,-122.399044,3.375,14.0
512,2018-07-20,San Francisco,37.765946,-122.399044,6.25,26.0
513,2018-07-19,San Francisco,37.765946,-122.399044,6.75,28.0
514,2018-07-18,San Francisco,37.765946,-122.399044,6.681818181818182,28.0
515,2018-07-17,San Francisco,37.765946,-122.399044,5.166666666666667,21.0
516,2018-07-16,San Francisco,37.765946,-122.399044,5.869565217391305,24.0
517,2018-07-15,San Francisco,37.765946,-122.399044,6.416666666666667,27.0
518,2018-07-14,San Francisco,37.765946,-122.399044,2.4166666666666665,10.0
519,2018-07-13,San Francisco,37.765946,-122.399044,3.9166666666666665,16.0
520,2018-07-12,San Francisco,37.765946,-122.399044,5.416666666666667,23.0
521,2018-07-11,San Francisco,37.765946,-122.399044,4.875,20.0
522,2018-07-10,San Francisco,37.765946,-122.399044,8.583333333333334,35.0
523,2018-07-09,San Francisco,37.765946,-122.399044,9.08695652173913,38.0
524,2018-07-08,San Francisco,37.765946,-122.399044,10.166666666666666,42.0
525,2018-07-07,San Francisco,37.765946,-122.399044,7.125,30.0
526,2018-07-06,San Francisco,37.765946,-122.399044,6.208333333333333,26.0
527,2018-07-05,San Francisco,37.765946,-122.399044,8.791666666666666,36.0
528,2018-07-04,San Francisco,37.765946,-122.399044,10.5,44.0
529,2018-07-03,San Francisco,37.765946,-122.399044,15.478260869565217,58.0
530,2018-07-02,San Francisco,37.765946,-122.399044,3.9166666666666665,16.0
531,2018-07-01,San Francisco,37.765946,-122.399044,4.875,20.0
532,2018-06-30,San Francisco,37.765946,-122.399044,12.083333333333334,50.0
533,2018-06-29,San Francisco,37.765946,-122.399044,13.333333333333334,54.0
534,2018-06-28,San Francisco,37.765946,-122.399044,14.666666666666666,56.0
535,2018-06-27,San Francisco,37.765946,-122.399044,12.73913043478261,52.0
536,2018-06-26,San Francisco,37.765946,-122.399044,12.041666666666666,50.0
537,2018-06-25,San Francisco,37.765946,-122.399044,6.541666666666667,27.0
538,2018-06-24,San Francisco,37.765946,-122.399044,9.208333333333334,38.0
539,2018-06-23,San Francisco,37.765946,-122.399044,14.333333333333334,56.0
540,2018-06-22,San Francisco,37.765946,-122.399044,9.956521739130435,41.0
541,2018-06-21,San Francisco,37.765946,-122.399044,2.5416666666666665,10.0
542,2018-06-20,San Francisco,37.765946,-122.399044,1.0,4.0
543,2018-06-19,San Francisco,37.765946,-122.399044,-0.5,0.0
544,2018-06-18,San Francisco,37.765946,-122.399044,1.9565217391304348,8.0
545,2018-06-17,San Francisco,37.765946,-122.399044,5.041666666666667,21.0
546,2018-06-16,San Francisco,37.765946,-122.399044,6.583333333333333,27.0
547,2018-06-15,San Francisco,37.765946,-122.399044,8.75,36.0
548,2018-06-14,San Francisco,37.765946,-122.399044,8.083333333333334,33.0
549,2018-06-13,San Francisco,37.765946,-122.399044,7.739130434782608,32.0
550,2018-06-12,San Francisco,37.765946,-122.399044,8.916666666666666,37.0
551,2018-06-11,San Francisco,37.765946,-122.399044,4.3478260869565215,18.0
552,2018-06-10,San Francisco,37.765946,-122.399044,3.9583333333333335,16.0
553,2018-06-09,San Francisco,37.765946,-122.399044,-0.20833333333333334,0.0
554,2018-06-08,San Francisco,37.765946,-122.399044,1.125,5.0
555,2018-06-07,San Francisco,37.765946,-122.399044,4.5,19.0
556,2018-06-06,San Francisco,37.765946,-122.399044,3.5,15.0
557,2018-06-05,San Francisco,37.765946,-122.399044,8.166666666666666,34.0
558,2018-06-04,San Francisco,37.765946,-122.399044,10.043478260869565,42.0
559,2018-06-03,San Francisco,37.765946,-122.399044,8.041666666666666,33.0
560,2018-06-02,San Francisco,37.765946,-122.399044,9.333333333333334,39.0
561,2018-06-01,San Francisco,37.765946,-122.399044,3.652173913043478,15.0
562,2018-05-31,San Francisco,37.765946,-122.399044,4.708333333333333,20.0
563,2018-05-30,San Francisco,37.765946,-122.399044,9.91304347826087,41.0
564,2018-05-29,San Francisco,37.765946,-122.399044,15.391304347826088,58.0
565,2018-05-28,San Francisco,37.765946,-122.399044,9.958333333333334,41.0
566,2018-05-27,San Francisco,37.765946,-122.399044,5.708333333333333,24.0
567,2018-05-26,San Francisco,37.765946,-122.399044,0.9166666666666666,4.0
568,2018-05-25,San Francisco,37.765946,-122.399044,-1.0833333333333333,0.0
569,2018-05-24,San Francisco,37.765946,-122.399044,0.375,1.0
570,2018-05-23,San Francisco,37.765946,-122.399044,-0.5,0.0
571,2018-05-22,San Francisco,37.765946,-122.399044,3.8260869565217392,16.0
572,2018-05-21,San Francisco,37.765946,-122.399044,5.666666666666667,23.0
573,2018-05-20,San Francisco,37.765946,-122.399044,5.5,23.0
574,2018-05-19,San Francisco,37.765946,-122.399044,6.541666666666667,27.0
575,2018-05-18,San Francisco,37.765946,-122.399044,0.75,3.0
576,2018-05-17,San Francisco,37.765946,-122.399044,1.0833333333333333,4.0
577,2018-05-16,San Francisco,37.765946,-122.399044,-2.1578947368421053,0.0
578,2018-05-15,San Francisco,37.765946,-122.399044,-1.826086956521739,0.0
579,2018-05-14,San Francisco,37.765946,-122.399044,-0.25,0.0
580,2018-05-13,San Francisco,37.765946,-122.399044,2.6956521739130435,11.0
581,2018-05-12,San Francisco,37.765946,-122.399044,8.291666666666666,34.0
582,2018-05-11,San Francisco,37.765946,-122.399044,8.304347826086957,35.0
583,2018-05-10,San Francisco,37.765946,-122.399044,7.125,30.0
584,2018-05-09,San Francisco,37.765946,-122.399044,1.5,6.0
585,2018-05-08,San Francisco,37.765946,-122.399044,0.125,0.0
586,2018-05-07,San Francisco,37.765946,-122.399044,-1.0416666666666667,0.0
587,2018-05-06,San Francisco,37.765946,-122.399044,-1.375,0.0
588,2018-05-05,San Francisco,37.765946,-122.399044,4.458333333333333,18.0
589,2018-05-04,San Francisco,37.765946,-122.399044,2.4166666666666665,10.0
590,2018-05-03,San Francisco,37.765946,-122.399044,2.375,10.0
591,2018-05-02,San Francisco,37.765946,-122.399044,7.833333333333333,33.0
592,2018-05-01,San Francisco,37.765946,-122.399044,8.583333333333334,35.0
593,2018-04-30,San Francisco,37.765946,-122.399044,3.8260869565217392,16.0
594,2018-04-29,San Francisco,37.765946,-122.399044,-1.375,0.0
595,2018-04-28,San Francisco,37.765946,-122.399044,-0.375,0.0
596,2018-04-27,San Francisco,37.765946,-122.399044,2.6666666666666665,11.0
597,2018-04-26,San Francisco,37.765946,-122.399044,4.958333333333333,20.0
598,2018-04-25,San Francisco,37.765946,-122.399044,5.666666666666667,23.0
599,2018-04-24,San Francisco,37.765946,-122.399044,7.391304347826087,30.0
600,2018-04-19,San Francisco,37.765946,-122.399044,6.875,28.0
601,2018-04-18,San Francisco,37.765946,-122.399044,4.333333333333333,18.0
602,2018-04-17,San Francisco,37.765946,-122.399044,5.833333333333333,24.0
603,2018-04-16,San Francisco,37.765946,-122.399044,5.260869565217392,22.0
604,2018-04-15,San Francisco,37.765946,-122.399044,7.583333333333333,31.0
605,2018-04-14,San Francisco,37.765946,-122.399044,13.0,53.0
606,2018-04-13,San Francisco,37.765946,-122.399044,8.916666666666666,37.0
607,2018-04-12,San Francisco,37.765946,-122.399044,7.6521739130434785,32.0
608,2018-04-11,San Francisco,37.765946,-122.399044,4.375,18.0
609,2018-04-10,San Francisco,37.765946,-122.399044,7.041666666666667,29.0
610,2018-04-09,San Francisco,37.765946,-122.399044,12.0,50.0
611,2018-04-08,San Francisco,37.765946,-122.399044,10.791666666666666,45.0
612,2018-04-07,San Francisco,37.765946,-122.399044,8.25,34.0
613,2018-04-06,San Francisco,37.765946,-122.399044,0.7083333333333334,3.0
614,2018-04-05,San Francisco,37.765946,-122.399044,7.375,30.0
615,2018-04-04,San Francisco,37.765946,-122.399044,7.625,32.0
616,2018-04-03,San Francisco,37.765946,-122.399044,12.916666666666666,53.0
617,2018-04-02,San Francisco,37.765946,-122.399044,12.130434782608695,51.0
618,2018-04-01,San Francisco,37.765946,-122.399044,13.458333333333334,54.0
619,2018-03-31,San Francisco,37.765946,-122.399044,10.166666666666666,42.0
620,2018-03-30,San Francisco,37.765946,-122.399044,13.0,53.0
621,2018-03-29,San Francisco,37.765946,-122.399044,13.833333333333334,55.0
622,2018-03-28,San Francisco,37.765946,-122.399044,14.0,55.0
623,2018-03-27,San Francisco,37.765946,-122.399044,10.636363636363637,44.0
624,2018-03-26,San Francisco,37.765946,-122.399044,7.291666666666667,30.0
625,2018-03-25,San Francisco,37.765946,-122.399044,6.208333333333333,26.0
626,2018-03-24,San Francisco,37.765946,-122.399044,7.5,31.0
627,2018-03-23,San Francisco,37.765946,-122.399044,7.083333333333333,29.0
628,2018-03-22,San Francisco,37.765946,-122.399044,3.4583333333333335,14.0
629,2018-03-21,San Francisco,37.765946,-122.399044,1.875,8.0
630,2018-03-20,San Francisco,37.765946,-122.399044,7.541666666666667,31.0
631,2018-03-19,San Francisco,37.765946,-122.399044,8.73913043478261,36.0
632,2018-03-18,San Francisco,37.765946,-122.399044,8.5,35.0
633,2018-03-17,San Francisco,37.765946,-122.399044,5.5,23.0
634,2018-03-16,San Francisco,37.765946,-122.399044,5.541666666666667,23.0
635,2018-03-15,San Francisco,37.765946,-122.399044,4.625,19.0
636,2018-03-14,San Francisco,37.765946,-122.399044,1.7083333333333333,7.0
637,2018-03-13,San Francisco,37.765946,-122.399044,0.7083333333333334,3.0
638,2018-03-12,San Francisco,37.765946,-122.399044,4.434782608695652,18.0
639,2018-03-11,San Francisco,37.765946,-122.399044,10.708333333333334,45.0
640,2018-03-10,San Francisco,37.765946,-122.399044,3.9166666666666665,16.0
641,2018-03-09,San Francisco,37.765946,-122.399044,2.4583333333333335,10.0
642,2018-03-08,San Francisco,37.765946,-122.399044,4.782608695652174,20.0
643,2018-03-07,San Francisco,37.765946,-122.399044,9.333333333333334,39.0
644,2018-03-06,San Francisco,37.765946,-122.399044,7.875,33.0
645,2018-03-05,San Francisco,37.765946,-122.399044,4.5,19.0
646,2018-03-04,San Francisco,37.765946,-122.399044,4.791666666666667,20.0
647,2018-03-03,San Francisco,37.765946,-122.399044,5.916666666666667,25.0
648,2018-03-02,San Francisco,37.765946,-122.399044,5.125,21.0
649,2018-03-01,San Francisco,37.765946,-122.399044,5.173913043478261,21.0
650,2018-02-28,San Francisco,37.765946,-122.399044,7.583333333333333,31.0
651,2018-02-27,San Francisco,37.765946,-122.399044,5.291666666666667,22.0
652,2018-02-26,San Francisco,37.765946,-122.399044,5.5,23.0
653,2018-02-25,San Francisco,37.765946,-122.399044,7.208333333333333,30.0
654,2018-02-24,San Francisco,37.765946,-122.399044,8.125,34.0
655,2018-02-23,San Francisco,37.765946,-122.399044,7.291666666666667,30.0
656,2018-02-22,San Francisco,37.765946,-122.399044,7.0,29.0
657,2018-02-21,San Francisco,37.765946,-122.399044,8.541666666666666,35.0
658,2018-02-17,San Francisco,37.765946,-122.399044,11.416666666666666,48.0
659,2018-02-16,San Francisco,37.765946,-122.399044,13.695652173913043,54.0
660,2018-02-15,San Francisco,37.765946,-122.399044,8.541666666666666,35.0
661,2018-02-14,San Francisco,37.765946,-122.399044,10.541666666666666,44.0
662,2018-02-13,San Francisco,37.765946,-122.399044,6.695652173913044,28.0
663,2018-02-12,San Francisco,37.765946,-122.399044,5.583333333333333,23.0
664,2018-02-11,San Francisco,37.765946,-122.399044,8.625,36.0
665,2018-02-10,San Francisco,37.765946,-122.399044,9.041666666666666,38.0
666,2018-02-09,San Francisco,37.765946,-122.399044,15.666666666666666,58.0
667,2018-02-08,San Francisco,37.765946,-122.399044,26.727272727272727,82.0
668,2018-02-07,San Francisco,37.765946,-122.399044,15.5,58.0
669,2018-02-06,San Francisco,37.765946,-122.399044,7.695652173913044,32.0
670,2018-02-05,San Francisco,37.765946,-122.399044,16.166666666666668,59.0
671,2018-02-04,San Francisco,37.765946,-122.399044,11.041666666666666,46.0
672,2018-02-03,San Francisco,37.765946,-122.399044,12.458333333333334,52.0
673,2018-02-02,San Francisco,37.765946,-122.399044,13.0,53.0
674,2018-02-01,San Francisco,37.765946,-122.399044,13.875,55.0
675,2018-01-31,San Francisco,37.765946,-122.399044,17.125,62.0
676,2018-01-30,San Francisco,37.765946,-122.399044,13.173913043478262,53.0
677,2018-01-29,San Francisco,37.765946,-122.399044,17.083333333333332,61.0
678,2018-01-28,San Francisco,37.765946,-122.399044,5.041666666666667,21.0
679,2018-01-27,San Francisco,37.765946,-122.399044,7.458333333333333,31.0
680,2018-01-26,San Francisco,37.765946,-122.399044,9.625,40.0
681,2018-01-25,San Francisco,37.765946,-122.399044,7.916666666666667,33.0
682,2018-01-24,San Francisco,37.765946,-122.399044,9.833333333333334,41.0
683,2018-01-23,San Francisco,37.765946,-122.399044,10.083333333333334,42.0
684,2018-01-22,San Francisco,37.765946,-122.399044,4.565217391304348,19.0
685,2018-01-21,San Francisco,37.765946,-122.399044,10.833333333333334,45.0
686,2018-01-20,San Francisco,37.765946,-122.399044,9.333333333333334,39.0
687,2018-01-19,San Francisco,37.765946,-122.399044,7.565217391304348,31.0
688,2018-01-18,San Francisco,37.765946,-122.399044,20.0,68.0
689,2018-01-17,San Francisco,37.765946,-122.399044,23.958333333333332,76.0
690,2018-01-16,San Francisco,37.765946,-122.399044,20.5,69.0
691,2018-01-15,San Francisco,37.765946,-122.399044,25.875,80.0
692,2018-01-14,San Francisco,37.765946,-122.399044,22.291666666666668,72.0
693,2018-01-13,San Francisco,37.765946,-122.399044,14.208333333333334,55.0
694,2018-01-12,San Francisco,37.765946,-122.399044,13.583333333333334,54.0
695,2018-01-11,San Francisco,37.765946,-122.399044,14.625,56.0
696,2018-01-10,San Francisco,37.765946,-122.399044,7.739130434782608,32.0
697,2018-01-09,San Francisco,37.765946,-122.399044,4.458333333333333,18.0
698,2018-01-08,San Francisco,37.765946,-122.399044,9.0,38.0
699,2018-01-07,San Francisco,37.765946,-122.399044,12.75,52.0
700,2018-01-06,San Francisco,37.765946,-122.399044,8.125,34.0
701,2018-01-05,San Francisco,37.765946,-122.399044,5.208333333333333,22.0
702,2018-01-04,San Francisco,37.765946,-122.399044,15.625,58.0
703,2018-01-03,San Francisco,37.765946,-122.399044,39.5,111.0
704,2018-01-02,San Francisco,37.765946,-122.399044,26.791666666666668,82.0
705,2018-01-01,San Francisco,37.765946,-122.399044,22.125,72.0
706,2017-12-27,San Francisco,37.765946,-122.399044,18.208333333333332,64.0
707,2017-12-26,San Francisco,37.765946,-122.399044,14.608695652173912,56.0
708,2017-12-25,San Francisco,37.765946,-122.399044,19.166666666666668,66.0
709,2017-12-24,San Francisco,37.765946,-122.399044,19.916666666666668,67.0
710,2017-12-23,San Francisco,37.765946,-122.399044,26.0,80.0
711,2017-12-22,San Francisco,37.765946,-122.399044,25.09090909090909,78.0
712,2017-12-21,San Francisco,37.765946,-122.399044,7.625,32.0
713,2017-12-20,San Francisco,37.765946,-122.399044,4.625,19.0
714,2017-12-19,San Francisco,37.765946,-122.399044,17.541666666666668,62.0
715,2017-12-18,San Francisco,37.765946,-122.399044,22.708333333333332,73.0
716,2017-12-17,San Francisco,37.765946,-122.399044,6.541666666666667,27.0
717,2017-12-16,San Francisco,37.765946,-122.399044,7.833333333333333,33.0
718,2017-12-15,San Francisco,37.765946,-122.399044,41.43478260869565,116.0
719,2017-12-14,San Francisco,37.765946,-122.399044,26.0,80.0
720,2017-12-13,San Francisco,37.765946,-122.399044,24.347826086956523,77.0
721,2017-12-12,San Francisco,37.765946,-122.399044,18.458333333333332,64.0
722,2017-12-11,San Francisco,37.765946,-122.399044,17.0,61.0
723,2017-12-10,San Francisco,37.765946,-122.399044,16.583333333333332,60.0
724,2017-12-09,San Francisco,37.765946,-122.399044,24.708333333333332,77.0
725,2017-12-08,San Francisco,37.765946,-122.399044,23.75,75.0
726,2017-12-07,San Francisco,37.765946,-122.399044,16.5,60.0
727,2017-12-06,San Francisco,37.765946,-122.399044,14.125,55.0
728,2017-12-05,San Francisco,37.765946,-122.399044,8.125,34.0
729,2017-12-04,San Francisco,37.765946,-122.399044,5.869565217391305,24.0
730,2017-12-03,San Francisco,37.765946,-122.399044,6.416666666666667,27.0
731,2017-12-02,San Francisco,37.765946,-122.399044,17.666666666666668,63.0
732,2017-12-01,San Francisco,37.765946,-122.399044,14.833333333333334,57.0
733,2017-11-30,San Francisco,37.765946,-122.399044,11.375,47.0
734,2017-11-29,San Francisco,37.765946,-122.399044,11.26086956521739,47.0
735,2017-11-28,San Francisco,37.765946,-122.399044,9.833333333333334,41.0
736,2017-11-27,San Francisco,37.765946,-122.399044,7.166666666666667,30.0
737,2017-11-26,San Francisco,37.765946,-122.399044,3.25,13.0
738,2017-11-25,San Francisco,37.765946,-122.399044,10.375,43.0
739,2017-11-24,San Francisco,37.765946,-122.399044,4.541666666666667,19.0
740,2017-11-23,San Francisco,37.765946,-122.399044,14.125,55.0
741,2017-11-22,San Francisco,37.765946,-122.399044,20.666666666666668,69.0
742,2017-11-21,San Francisco,37.765946,-122.399044,15.782608695652174,59.0
743,2017-11-20,San Francisco,37.765946,-122.399044,23.5,75.0
744,2017-11-19,San Francisco,37.765946,-122.399044,15.583333333333334,58.0
745,2017-11-18,San Francisco,37.765946,-122.399044,11.125,46.0
746,2017-11-17,San Francisco,37.765946,-122.399044,6.875,28.0
747,2017-11-16,San Francisco,37.765946,-122.399044,5.458333333333333,23.0
748,2017-11-15,San Francisco,37.765946,-122.399044,6.458333333333333,27.0
749,2017-11-14,San Francisco,37.765946,-122.399044,7.916666666666667,33.0
750,2017-11-13,San Francisco,37.765946,-122.399044,5.0,21.0
751,2017-11-12,San Francisco,37.765946,-122.399044,6.291666666666667,26.0
752,2017-11-11,San Francisco,37.765946,-122.399044,7.583333333333333,31.0
753,2017-11-10,San Francisco,37.765946,-122.399044,6.291666666666667,26.0
754,2017-11-09,San Francisco,37.765946,-122.399044,3.8333333333333335,16.0
755,2017-11-08,San Francisco,37.765946,-122.399044,8.25,34.0
756,2017-11-07,San Francisco,37.765946,-122.399044,9.333333333333334,39.0
757,2017-11-06,San Francisco,37.765946,-122.399044,4.913043478260869,20.0
758,2017-11-05,San Francisco,37.765946,-122.399044,3.9166666666666665,16.0
759,2017-11-04,San Francisco,37.765946,-122.399044,5.083333333333333,21.0
760,2017-11-03,San Francisco,37.765946,-122.399044,8.416666666666666,35.0
761,2017-11-02,San Francisco,37.765946,-122.399044,12.166666666666666,51.0
762,2017-11-01,San Francisco,37.765946,-122.399044,11.208333333333334,47.0
763,2017-10-26,San Francisco,37.765946,-122.399044,13.375,54.0
764,2017-10-25,San Francisco,37.765946,-122.399044,10.625,44.0
765,2017-10-24,San Francisco,37.765946,-122.399044,7.333333333333333,30.0
766,2017-10-23,San Francisco,37.765946,-122.399044,7.25,30.0
767,2017-10-22,San Francisco,37.765946,-122.399044,4.666666666666667,19.0
768,2017-10-21,San Francisco,37.765946,-122.399044,4.708333333333333,20.0
769,2017-10-20,San Francisco,37.765946,-122.399044,4.666666666666667,19.0
770,2017-10-19,San Francisco,37.765946,-122.399044,-1.1666666666666667,0.0
771,2017-10-18,San Francisco,37.765946,-122.399044,8.130434782608695,34.0
772,2017-10-17,San Francisco,37.765946,-122.399044,31.166666666666668,91.0
773,2017-10-16,San Francisco,37.765946,-122.399044,23.166666666666668,74.0
774,2017-10-15,San Francisco,37.765946,-122.399044,9.583333333333334,40.0
775,2017-10-14,San Francisco,37.765946,-122.399044,20.833333333333332,69.0
776,2017-10-13,San Francisco,37.765946,-122.399044,34.52173913043478,98.0
777,2017-10-12,San Francisco,37.765946,-122.399044,49.916666666666664,136.0
778,2017-10-11,San Francisco,37.765946,-122.399044,24.875,78.0
779,2017-10-10,San Francisco,37.765946,-122.399044,45.958333333333336,127.0
780,2017-10-09,San Francisco,37.765946,-122.399044,35.208333333333336,100.0
781,2017-10-08,San Francisco,37.765946,-122.399044,15.125,57.0
782,2017-10-07,San Francisco,37.765946,-122.399044,14.541666666666666,56.0
783,2017-10-06,San Francisco,37.765946,-122.399044,11.916666666666666,50.0
784,2017-10-05,San Francisco,37.765946,-122.399044,7.478260869565218,31.0
785,2017-10-04,San Francisco,37.765946,-122.399044,8.25,34.0
786,2017-10-03,San Francisco,37.765946,-122.399044,10.25,43.0
787,2017-10-02,San Francisco,37.765946,-122.399044,10.791666666666666,45.0
788,2017-10-01,San Francisco,37.765946,-122.399044,12.523809523809524,52.0
789,2017-09-30,San Francisco,37.765946,-122.399044,10.95,45.0
790,2017-09-29,San Francisco,37.765946,-122.399044,5.75,24.0
791,2017-09-28,San Francisco,37.765946,-122.399044,8.541666666666666,35.0
792,2017-09-27,San Francisco,37.765946,-122.399044,15.541666666666666,58.0
793,2017-09-26,San Francisco,37.765946,-122.399044,12.869565217391305,52.0
794,2017-09-25,San Francisco,37.765946,-122.399044,14.25,55.0
795,2017-09-24,San Francisco,37.765946,-122.399044,11.208333333333334,47.0
796,2017-09-23,San Francisco,37.765946,-122.399044,8.666666666666666,36.0
797,2017-09-22,San Francisco,37.765946,-122.399044,5.208333333333333,22.0
798,2017-09-21,San Francisco,37.765946,-122.399044,5.782608695652174,24.0
799,2017-09-20,San Francisco,37.765946,-122.399044,6.0,25.0
800,2017-09-19,San Francisco,37.765946,-122.399044,7.208333333333333,30.0
801,2017-09-18,San Francisco,37.765946,-122.399044,3.7083333333333335,15.0
802,2017-09-17,San Francisco,37.765946,-122.399044,9.583333333333334,40.0
803,2017-09-16,San Francisco,37.765946,-122.399044,14.583333333333334,56.0
804,2017-09-15,San Francisco,37.765946,-122.399044,8.291666666666666,34.0
805,2017-09-14,San Francisco,37.765946,-122.399044,10.208333333333334,43.0
806,2017-09-13,San Francisco,37.765946,-122.399044,4.083333333333333,17.0
807,2017-09-12,San Francisco,37.765946,-122.399044,10.826086956521738,45.0
808,2017-09-11,San Francisco,37.765946,-122.399044,13.375,54.0
809,2017-09-10,San Francisco,37.765946,-122.399044,13.458333333333334,54.0
810,2017-09-09,San Francisco,37.765946,-122.399044,9.333333333333334,39.0
811,2017-09-08,San Francisco,37.765946,-122.399044,6.25,26.0
812,2017-09-07,San Francisco,37.765946,-122.399044,12.666666666666666,52.0
813,2017-09-06,San Francisco,37.765946,-122.399044,10.909090909090908,45.0
814,2017-09-05,San Francisco,37.765946,-122.399044,13.166666666666666,53.0
815,2017-09-04,San Francisco,37.765946,-122.399044,45.416666666666664,125.0
816,2017-09-03,San Francisco,37.765946,-122.399044,49.75,136.0
817,2017-09-02,San Francisco,37.765946,-122.399044,36.375,103.0
818,2017-09-01,San Francisco,37.765946,-122.399044,45.333333333333336,125.0
819,2017-08-31,San Francisco,37.765946,-122.399044,20.833333333333332,69.0
820,2017-08-30,San Francisco,37.765946,-122.399044,7.0,29.0
821,2017-08-29,San Francisco,37.765946,-122.399044,9.666666666666666,40.0
822,2017-08-28,San Francisco,37.765946,-122.399044,12.869565217391305,52.0
823,2017-08-27,San Francisco,37.765946,-122.399044,12.458333333333334,52.0
824,2017-08-26,San Francisco,37.765946,-122.399044,11.625,48.0
825,2017-08-25,San Francisco,37.765946,-122.399044,12.25,51.0
826,2017-08-24,San Francisco,37.765946,-122.399044,7.25,30.0
827,2017-08-23,San Francisco,37.765946,-122.399044,12.541666666666666,52.0
828,2017-08-22,San Francisco,37.765946,-122.399044,13.695652173913043,54.0
829,2017-08-21,San Francisco,37.765946,-122.399044,8.458333333333334,35.0
830,2017-08-20,San Francisco,37.765946,-122.399044,11.416666666666666,48.0
831,2017-08-19,San Francisco,37.765946,-122.399044,7.333333333333333,30.0
832,2017-08-18,San Francisco,37.765946,-122.399044,9.041666666666666,38.0
833,2017-08-17,San Francisco,37.765946,-122.399044,9.583333333333334,40.0
834,2017-08-16,San Francisco,37.765946,-122.399044,9.666666666666666,40.0
835,2017-08-15,San Francisco,37.765946,-122.399044,9.652173913043478,40.0
836,2017-08-14,San Francisco,37.765946,-122.399044,9.75,40.0
837,2017-08-13,San Francisco,37.765946,-122.399044,2.3333333333333335,10.0
838,2017-08-12,San Francisco,37.765946,-122.399044,9.0,38.0
839,2017-08-11,San Francisco,37.765946,-122.399044,7.958333333333333,33.0
840,2017-08-10,San Francisco,37.765946,-122.399044,8.347826086956522,35.0
841,2017-08-09,San Francisco,37.765946,-122.399044,5.916666666666667,25.0
842,2017-08-08,San Francisco,37.765946,-122.399044,3.739130434782609,15.0
843,2017-08-07,San Francisco,37.765946,-122.399044,9.166666666666666,38.0
844,2017-08-06,San Francisco,37.765946,-122.399044,9.541666666666666,40.0
845,2017-08-05,San Francisco,37.765946,-122.399044,0.0,0.0
846,2017-08-04,San Francisco,37.765946,-122.399044,3.7916666666666665,15.0
847,2017-08-03,San Francisco,37.765946,-122.399044,6.916666666666667,29.0
848,2017-08-02,San Francisco,37.765946,-122.399044,2.5833333333333335,10.0
849,2017-08-01,San Francisco,37.765946,-122.399044,2.125,9.0
850,2017-07-29,San Francisco,37.765946,-122.399044,8.541666666666666,35.0
851,2017-07-28,San Francisco,37.765946,-122.399044,8.791666666666666,36.0
852,2017-07-27,San Francisco,37.765946,-122.399044,3.0869565217391304,13.0
853,2017-07-26,San Francisco,37.765946,-122.399044,2.7083333333333335,11.0
854,2017-07-25,San Francisco,37.765946,-122.399044,4.833333333333333,20.0
855,2017-07-24,San Francisco,37.765946,-122.399044,3.625,15.0
856,2017-07-23,San Francisco,37.765946,-122.399044,3.125,13.0
857,2017-07-22,San Francisco,37.765946,-122.399044,11.625,48.0
858,2017-07-21,San Francisco,37.765946,-122.399044,8.608695652173912,36.0
859,2017-07-20,San Francisco,37.765946,-122.399044,8.125,34.0
860,2017-07-19,San Francisco,37.765946,-122.399044,9.25,38.0
861,2017-07-18,San Francisco,37.765946,-122.399044,9.625,40.0
862,2017-07-17,San Francisco,37.765946,-122.399044,14.708333333333334,56.0
863,2017-07-16,San Francisco,37.765946,-122.399044,14.583333333333334,56.0
864,2017-07-15,San Francisco,37.765946,-122.399044,11.625,48.0
865,2017-07-14,San Francisco,37.765946,-122.399044,7.375,30.0
866,2017-07-13,San Francisco,37.765946,-122.399044,6.583333333333333,27.0
867,2017-07-12,San Francisco,37.765946,-122.399044,11.08695652173913,46.0
868,2017-07-11,San Francisco,37.765946,-122.399044,12.708333333333334,52.0
869,2017-07-10,San Francisco,37.765946,-122.399044,8.875,37.0
870,2017-07-09,San Francisco,37.765946,-122.399044,6.75,28.0
871,2017-07-08,San Francisco,37.765946,-122.399044,13.083333333333334,53.0
872,2017-07-07,San Francisco,37.765946,-122.399044,8.0,33.0
873,2017-07-06,San Francisco,37.765946,-122.399044,5.333333333333333,22.0
874,2017-07-05,San Francisco,37.765946,-122.399044,1.625,7.0
875,2017-07-04,San Francisco,37.765946,-122.399044,3.7916666666666665,15.0
876,2017-07-03,San Francisco,37.765946,-122.399044,2.625,11.0
877,2017-07-02,San Francisco,37.765946,-122.399044,3.875,16.0
878,2017-07-01,San Francisco,37.765946,-122.399044,9.666666666666666,40.0
879,2017-06-30,San Francisco,37.765946,-122.399044,9.916666666666666,41.0
880,2017-06-29,San Francisco,37.765946,-122.399044,11.666666666666666,48.0
881,2017-06-28,San Francisco,37.765946,-122.399044,8.0,33.0
882,2017-06-27,San Francisco,37.765946,-122.399044,2.5217391304347827,10.0
883,2017-06-26,San Francisco,37.765946,-122.399044,0.16666666666666666,0.0
884,2017-06-25,San Francisco,37.765946,-122.399044,-0.16666666666666666,0.0
885,2017-06-24,San Francisco,37.765946,-122.399044,0.4166666666666667,2.0
886,2017-06-23,San Francisco,37.765946,-122.399044,1.3333333333333333,5.0
887,2017-06-22,San Francisco,37.765946,-122.399044,11.5,48.0
888,2017-06-21,San Francisco,37.765946,-122.399044,11.208333333333334,47.0
889,2017-06-20,San Francisco,37.765946,-122.399044,11.5,48.0
890,2017-06-19,San Francisco,37.765946,-122.399044,11.75,49.0
891,2017-06-18,San Francisco,37.765946,-122.399044,15.666666666666666,58.0
892,2017-06-17,San Francisco,37.765946,-122.399044,11.833333333333334,49.0
893,2017-06-16,San Francisco,37.765946,-122.399044,7.25,30.0
894,2017-06-15,San Francisco,37.765946,-122.399044,6.3478260869565215,26.0
895,2017-06-14,San Francisco,37.765946,-122.399044,11.75,49.0
896,2017-06-13,San Francisco,37.765946,-122.399044,12.041666666666666,50.0
897,2017-06-12,San Francisco,37.765946,-122.399044,12.0,50.0
898,2017-06-11,San Francisco,37.765946,-122.399044,7.875,33.0
899,2017-06-10,San Francisco,37.765946,-122.399044,5.541666666666667,23.0
900,2017-06-09,San Francisco,37.765946,-122.399044,3.6956521739130435,15.0
901,2017-06-08,San Francisco,37.765946,-122.399044,4.5,19.0
902,2017-06-07,San Francisco,37.765946,-122.399044,7.125,30.0
903,2017-06-06,San Francisco,37.765946,-122.399044,11.583333333333334,48.0
904,2017-06-05,San Francisco,37.765946,-122.399044,14.25,55.0
905,2017-06-04,San Francisco,37.765946,-122.399044,10.958333333333334,45.0
906,2017-06-03,San Francisco,37.765946,-122.399044,8.125,34.0
907,2017-06-02,San Francisco,37.765946,-122.399044,7.25,30.0
908,2017-06-01,San Francisco,37.765946,-122.399044,3.4347826086956523,14.0
909,2017-05-31,San Francisco,37.765946,-122.399044,2.7916666666666665,11.0
910,2017-05-30,San Francisco,37.765946,-122.399044,6.25,26.0
911,2017-05-29,San Francisco,37.765946,-122.399044,5.25,22.0
912,2017-05-28,San Francisco,37.765946,-122.399044,5.166666666666667,21.0
913,2017-05-27,San Francisco,37.765946,-122.399044,4.083333333333333,17.0
914,2017-05-26,San Francisco,37.765946,-122.399044,5.2272727272727275,22.0
915,2017-05-25,San Francisco,37.765946,-122.399044,5.875,24.0
916,2017-05-24,San Francisco,37.765946,-122.399044,4.375,18.0
917,2017-05-23,San Francisco,37.765946,-122.399044,2.9583333333333335,12.0
918,2017-05-22,San Francisco,37.765946,-122.399044,5.75,24.0
919,2017-05-21,San Francisco,37.765946,-122.399044,9.958333333333334,41.0
920,2017-05-20,San Francisco,37.765946,-122.399044,7.208333333333333,30.0
921,2017-05-19,San Francisco,37.765946,-122.399044,14.166666666666666,55.0
922,2017-05-18,San Francisco,37.765946,-122.399044,11.636363636363637,48.0
923,2017-05-17,San Francisco,37.765946,-122.399044,6.869565217391305,28.0
924,2017-05-16,San Francisco,37.765946,-122.399044,4.0,17.0
925,2017-05-15,San Francisco,37.765946,-122.399044,9.875,41.0
926,2017-05-14,San Francisco,37.765946,-122.399044,8.75,36.0
927,2017-05-13,San Francisco,37.765946,-122.399044,4.666666666666667,19.0
928,2017-05-12,San Francisco,37.765946,-122.399044,3.7916666666666665,15.0
929,2017-05-11,San Francisco,37.765946,-122.399044,4.291666666666667,18.0
930,2017-05-10,San Francisco,37.765946,-122.399044,8.041666666666666,33.0
931,2017-05-09,San Francisco,37.765946,-122.399044,16.636363636363637,60.0
932,2017-05-08,San Francisco,37.765946,-122.399044,17.5,62.0
933,2017-05-07,San Francisco,37.765946,-122.399044,16.041666666666668,59.0
934,2017-05-06,San Francisco,37.765946,-122.399044,11.666666666666666,48.0
935,2017-05-05,San Francisco,37.765946,-122.399044,6.5,27.0
936,2017-05-04,San Francisco,37.765946,-122.399044,3.2916666666666665,13.0
937,2017-05-03,San Francisco,37.765946,-122.399044,9.875,41.0
938,2017-05-02,San Francisco,37.765946,-122.399044,9.782608695652174,40.0
939,2017-05-01,San Francisco,37.765946,-122.399044,11.25,47.0
940,2017-04-30,San Francisco,37.765946,-122.399044,11.25,47.0
941,2017-04-29,San Francisco,37.765946,-122.399044,8.125,34.0
942,2017-04-28,San Francisco,37.765946,-122.399044,9.416666666666666,39.0
943,2017-04-27,San Francisco,37.765946,-122.399044,8.625,36.0
944,2017-04-26,San Francisco,37.765946,-122.399044,1.9166666666666667,8.0
945,2017-04-25,San Francisco,37.765946,-122.399044,4.208333333333333,18.0
946,2017-04-24,San Francisco,37.765946,-122.399044,3.9565217391304346,16.0
947,2017-04-23,San Francisco,37.765946,-122.399044,3.875,16.0
948,2017-04-22,San Francisco,37.765946,-122.399044,4.125,17.0
949,2017-04-21,San Francisco,37.765946,-122.399044,7.916666666666667,33.0
950,2017-04-20,San Francisco,37.765946,-122.399044,6.125,25.0
951,2017-04-19,San Francisco,37.765946,-122.399044,5.833333333333333,24.0
952,2017-04-18,San Francisco,37.765946,-122.399044,3.4782608695652173,14.0
953,2017-04-17,San Francisco,37.765946,-122.399044,2.7916666666666665,11.0
954,2017-04-16,San Francisco,37.765946,-122.399044,5.958333333333333,25.0
955,2017-04-15,San Francisco,37.765946,-122.399044,7.166666666666667,30.0
956,2017-04-14,San Francisco,37.765946,-122.399044,5.043478260869565,21.0
957,2017-04-13,San Francisco,37.765946,-122.399044,4.291666666666667,18.0
958,2017-04-12,San Francisco,37.765946,-122.399044,-0.75,0.0
959,2017-04-11,San Francisco,37.765946,-122.399044,6.083333333333333,25.0
960,2017-04-10,San Francisco,37.765946,-122.399044,6.291666666666667,26.0
961,2017-04-09,San Francisco,37.765946,-122.399044,5.0,21.0
962,2017-04-08,San Francisco,37.765946,-122.399044,3.0416666666666665,13.0
963,2017-04-07,San Francisco,37.765946,-122.399044,8.333333333333334,35.0
964,2017-04-06,San Francisco,37.765946,-122.399044,7.791666666666667,32.0
965,2017-04-05,San Francisco,37.765946,-122.399044,7.708333333333333,32.0
966,2017-04-04,San Francisco,37.765946,-122.399044,9.347826086956522,39.0
967,2017-04-03,San Francisco,37.765946,-122.399044,13.791666666666666,54.0
968,2017-04-02,San Francisco,37.765946,-122.399044,14.583333333333334,56.0
969,2017-04-01,San Francisco,37.765946,-122.399044,10.458333333333334,43.0
970,2017-03-31,San Francisco,37.765946,-122.399044,8.333333333333334,35.0
971,2017-03-30,San Francisco,37.765946,-122.399044,11.478260869565217,48.0
972,2017-03-29,San Francisco,37.765946,-122.399044,14.0,55.0
973,2017-03-28,San Francisco,37.765946,-122.399044,9.333333333333334,39.0
974,2017-03-27,San Francisco,37.765946,-122.399044,7.083333333333333,29.0
975,2017-03-26,San Francisco,37.765946,-122.399044,4.0,17.0
976,2017-03-25,San Francisco,37.765946,-122.399044,6.791666666666667,28.0
977,2017-03-24,San Francisco,37.765946,-122.399044,5.833333333333333,24.0
978,2017-03-23,San Francisco,37.765946,-122.399044,5.956521739130435,25.0
979,2017-03-22,San Francisco,37.765946,-122.399044,4.958333333333333,20.0
980,2017-03-21,San Francisco,37.765946,-122.399044,5.75,24.0
981,2017-03-20,San Francisco,37.765946,-122.399044,7.666666666666667,32.0
982,2017-03-19,San Francisco,37.765946,-122.399044,5.666666666666667,23.0
983,2017-03-18,San Francisco,37.765946,-122.399044,5.25,22.0
984,2017-03-17,San Francisco,37.765946,-122.399044,8.875,37.0
985,2017-03-16,San Francisco,37.765946,-122.399044,2.652173913043478,11.0
986,2017-03-15,San Francisco,37.765946,-122.399044,4.043478260869565,17.0
987,2017-03-14,San Francisco,37.765946,-122.399044,10.166666666666666,42.0
988,2017-03-13,San Francisco,37.765946,-122.399044,10.0,42.0
989,2017-03-12,San Francisco,37.765946,-122.399044,6.875,28.0
990,2017-03-11,San Francisco,37.765946,-122.399044,6.416666666666667,27.0
991,2017-03-10,San Francisco,37.765946,-122.399044,4.958333333333333,20.0
992,2017-03-09,San Francisco,37.765946,-122.399044,6.681818181818182,28.0
993,2017-03-08,San Francisco,37.765946,-122.399044,4.708333333333333,20.0
994,2017-03-07,San Francisco,37.765946,-122.399044,7.5,31.0
995,2017-03-06,San Francisco,37.765946,-122.399044,5.458333333333333,23.0
996,2017-03-05,San Francisco,37.765946,-122.399044,4.416666666666667,18.0
997,2017-03-04,San Francisco,37.765946,-122.399044,1.5416666666666667,6.0
998,2017-03-03,San Francisco,37.765946,-122.399044,7.625,32.0
999,2017-03-02,San Francisco,37.765946,-122.399044,9.916666666666666,41.0
1000,2017-03-01,San Francisco,37.765946,-122.399044,5.833333333333333,24.0
1001,2017-02-28,San Francisco,37.765946,-122.399044,5.291666666666667,22.0
1002,2017-02-27,San Francisco,37.765946,-122.399044,4.3478260869565215,18.0
1003,2017-02-26,San Francisco,37.765946,-122.399044,6.166666666666667,25.0
1004,2017-02-25,San Francisco,37.765946,-122.399044,5.541666666666667,23.0
1005,2017-02-24,San Francisco,37.765946,-122.399044,5.166666666666667,21.0
1006,2017-02-23,San Francisco,37.765946,-122.399044,5.291666666666667,22.0
1007,2017-02-22,San Francisco,37.765946,-122.399044,4.083333333333333,17.0
1008,2017-02-21,San Francisco,37.765946,-122.399044,7.375,30.0
1009,2017-02-20,San Francisco,37.765946,-122.399044,5.375,22.0
1010,2017-02-19,San Francisco,37.765946,-122.399044,3.7083333333333335,15.0
1011,2017-02-18,San Francisco,37.765946,-122.399044,3.7916666666666665,15.0
1012,2017-02-17,San Francisco,37.765946,-122.399044,4.375,18.0
1013,2017-02-16,San Francisco,37.765946,-122.399044,7.875,33.0
1014,2017-02-15,San Francisco,37.765946,-122.399044,11.041666666666666,46.0
1015,2017-02-14,San Francisco,37.765946,-122.399044,12.217391304347826,51.0
1016,2017-02-13,San Francisco,37.765946,-122.399044,11.125,46.0
1017,2017-02-12,San Francisco,37.765946,-122.399044,7.291666666666667,30.0
1018,2017-02-11,San Francisco,37.765946,-122.399044,4.916666666666667,20.0
1019,2017-02-10,San Francisco,37.765946,-122.399044,3.125,13.0
1020,2017-02-09,San Francisco,37.765946,-122.399044,1.2083333333333333,5.0
1021,2017-02-08,San Francisco,37.765946,-122.399044,2.9565217391304346,12.0
1022,2017-02-07,San Francisco,37.765946,-122.399044,4.125,17.0
1023,2017-02-06,San Francisco,37.765946,-122.399044,3.9166666666666665,16.0
1024,2017-02-05,San Francisco,37.765946,-122.399044,3.8333333333333335,16.0
1025,2017-02-04,San Francisco,37.765946,-122.399044,4.666666666666667,19.0
1026,2017-02-03,San Francisco,37.765946,-122.399044,2.8333333333333335,12.0
1027,2017-02-02,San Francisco,37.765946,-122.399044,4.416666666666667,18.0
1028,2017-02-01,San Francisco,37.765946,-122.399044,25.041666666666668,78.0
1029,2017-01-31,San Francisco,37.765946,-122.399044,25.916666666666668,80.0
1030,2017-01-30,San Francisco,37.765946,-122.399044,14.826086956521738,57.0
1031,2017-01-29,San Francisco,37.765946,-122.399044,11.375,47.0
1032,2017-01-28,San Francisco,37.765946,-122.399044,12.25,51.0
1033,2017-01-27,San Francisco,37.765946,-122.399044,7.875,33.0
1034,2017-01-26,San Francisco,37.765946,-122.399044,9.956521739130435,41.0
1035,2017-01-25,San Francisco,37.765946,-122.399044,5.125,21.0
1036,2017-01-24,San Francisco,37.765946,-122.399044,6.541666666666667,27.0
1037,2017-01-23,San Francisco,37.765946,-122.399044,5.541666666666667,23.0
1038,2017-01-22,San Francisco,37.765946,-122.399044,5.625,23.0
1039,2017-01-21,San Francisco,37.765946,-122.399044,6.083333333333333,25.0
1040,2017-01-20,San Francisco,37.765946,-122.399044,5.291666666666667,22.0
1041,2017-01-19,San Francisco,37.765946,-122.399044,7.208333333333333,30.0
1042,2017-01-18,San Francisco,37.765946,-122.399044,14.772727272727273,56.0
1043,2017-01-17,San Francisco,37.765946,-122.399044,27.041666666666668,82.0
1044,2017-01-16,San Francisco,37.765946,-122.399044,19.25,66.0
1045,2017-01-15,San Francisco,37.765946,-122.399044,15.0,57.0
1046,2017-01-14,San Francisco,37.765946,-122.399044,8.375,35.0
1047,2017-01-13,San Francisco,37.765946,-122.399044,9.434782608695652,39.0
1048,2017-01-12,San Francisco,37.765946,-122.399044,4.0,17.0
1049,2017-01-11,San Francisco,37.765946,-122.399044,3.0416666666666665,13.0
1050,2017-01-10,San Francisco,37.765946,-122.399044,1.2916666666666667,5.0
1051,2017-01-09,San Francisco,37.765946,-122.399044,0.4583333333333333,2.0
1052,2017-01-08,San Francisco,37.765946,-122.399044,-1.375,0.0
1053,2017-01-07,San Francisco,37.765946,-122.399044,3.7916666666666665,15.0
1054,2017-01-06,San Francisco,37.765946,-122.399044,5.458333333333333,23.0
1055,2017-01-05,San Francisco,37.765946,-122.399044,3.8333333333333335,16.0
1056,2017-01-04,San Francisco,37.765946,-122.399044,0.8260869565217391,3.0
1057,2017-01-03,San Francisco,37.765946,-122.399044,2.2083333333333335,9.0
1058,2017-01-02,San Francisco,37.765946,-122.399044,4.0,17.0
1059,2017-01-01,San Francisco,37.765946,-122.399044,6.666666666666667,28.0
