,month_year,cbsa_code,site,sample
1051,12-2016,47220,0007,8.32788732394365
1007,12-2016,19820,0009,9.3
987,12-2016,16980,1011,8.57417127071823
988,12-2016,16980,1016,8.142857142857142
989,12-2016,16980,2004,7.6
990,12-2016,16980,3103,9.507142857142856
991,12-2016,16980,3301,8.644444444444444
992,12-2016,16980,4002,5.016666666666667
993,12-2016,16980,4007,11.488780487804885
994,12-2016,16980,4201,10.770147255689421
995,12-2016,16980,6005,5.4399999999999995
996,12-2016,17460,0004,9.4
997,12-2016,17460,0007,7.493333333333334
998,12-2016,17460,0034,9.31
999,12-2016,17460,0038,12.395
1000,12-2016,17460,0045,11.11
1001,12-2016,17460,0060,11.249999999999998
1002,12-2016,17460,0065,11.870000000000001
1003,12-2016,17460,1002,8.9
1004,12-2016,17460,3002,8.566666666666668
1005,12-2016,19820,0001,9.9975
985,12-2016,16980,0076,7.325
984,12-2016,16980,0057,7.74
983,12-2016,16980,0052,7.57
972,12-2016,15940,0017,9.615384615384615
964,12-2016,10300,0007,10.319999999999999
965,12-2016,10420,0002,10.242857142857142
966,12-2016,10420,0017,10.164893617021246
967,12-2016,10420,0023,9.377777777777778
968,12-2016,11460,0008,8.030769230769229
969,12-2016,12100,0006,6.433333333333333
970,12-2016,12100,1006,8.200000000000001
971,12-2016,15180,0006,7.299999999999999
973,12-2016,15940,0020,8.870000000000001
982,12-2016,16980,0031,5.954545454545454
974,12-2016,16980,0001,5.43
975,12-2016,16980,0003,7.7444444444444445
976,12-2016,16980,0006,8.22
977,12-2016,16980,0007,6.800000000000001
978,12-2016,16980,0019,7.790000000000001
979,12-2016,16980,0022,10.317344173441734
980,12-2016,16980,0024,9.676322751322736
981,12-2016,16980,0026,8.988888888888889
1006,12-2016,19820,0005,9.57
986,12-2016,16980,1002,7.011111111111112
1008,12-2016,19820,0015,13.09
1030,12-2016,31080,4008,16.597130242825617
1032,12-2016,32580,0043,8.0
1033,12-2016,32580,1046,8.277777777777779
1034,12-2016,33140,0011,7.87
1035,12-2016,33780,0006,10.549999999999999
1036,12-2016,37100,0007,10.380243572395129
1037,12-2016,37100,0009,6.661224489795918
1038,12-2016,37100,1004,7.203778677462888
1039,12-2016,37100,2002,9.336741649625084
1040,12-2016,37100,3001,6.926940639269406
1041,12-2016,39740,0011,14.20308310991958
1042,12-2016,40140,0009,8.859701492537313
1043,12-2016,40140,0027,15.664462809917369
1044,12-2016,40140,0306,8.265529010238907
1045,12-2016,40140,1016,8.781781376518218
1046,12-2016,40140,2002,12.288888888888888
1047,12-2016,40140,5001,3.65
1048,12-2016,40140,8001,13.944736842105263
1049,12-2016,40140,8005,17.984375
1009,12-2016,19820,0016,11.43
1031,12-2016,31080,9033,6.9500866551126546
1050,12-2016,40140,9004,14.400000000000002
1029,12-2016,31080,4004,12.349999999999998
1019,12-2016,22420,0021,8.43
1011,12-2016,19820,0025,7.2625
1012,12-2016,19820,0033,14.173333333333336
1013,12-2016,19820,0036,11.1625
1014,12-2016,19820,0039,10.509677419354839
1015,12-2016,19820,0093,14.040201729106617
1016,12-2016,19820,0095,9.72967863894141
1017,12-2016,20100,0002,6.049126637554588
1018,12-2016,20100,0003,8.58
1010,12-2016,19820,0019,10.59
1020,12-2016,31080,0002,10.620000000000001
1022,12-2016,31080,1103,14.345714285714289
1023,12-2016,31080,1201,16.985714285714284
1024,12-2016,31080,1302,15.899999999999997
1025,12-2016,31080,1602,16.86
1026,12-2016,31080,2005,12.33
1027,12-2016,31080,2022,7.9300000000000015
1028,12-2016,31080,4002,12.780645161290321
1021,12-2016,31080,0007,12.841935483870968
903,11-2016,16980,3301,11.288888888888891
906,11-2016,16980,4201,8.7875
905,11-2016,16980,4007,9.542857142857143
904,11-2016,16980,4002,9.566666666666668
899,11-2016,16980,1011,9.621258741258757
902,11-2016,16980,3103,10.928571428571429
901,11-2016,16980,2004,8.959999999999999
900,11-2016,16980,1016,14.141666666666666
908,11-2016,17460,0004,9.559999999999999
907,11-2016,16980,6005,11.175
912,11-2016,17460,0045,12.325000000000001
909,11-2016,17460,0007,7.906666666666666
910,11-2016,17460,0034,10.18
911,11-2016,17460,0038,11.924999999999999
913,11-2016,17460,0060,12.180000000000001
914,11-2016,17460,0065,12.349999999999998
915,11-2016,17460,1002,10.179999999999998
916,11-2016,17460,3002,9.34
917,11-2016,19820,0001,10.432499999999997
897,11-2016,16980,0076,12.440000000000001
898,11-2016,16980,1002,10.18
887,11-2016,16980,0003,10.125
896,11-2016,16980,0057,12.3
895,11-2016,16980,0052,13.76
876,11-2016,10300,0007,9.940000000000001
877,11-2016,10420,0002,9.49
878,11-2016,10420,0017,11.734203296703294
879,11-2016,10420,0023,10.071428571428571
880,11-2016,11460,0008,11.421428571428574
881,11-2016,12100,0006,6.659999999999999
882,11-2016,12100,1006,7.58888888888889
883,11-2016,15180,0006,7.7
884,11-2016,15940,0017,12.953333333333331
885,11-2016,15940,0020,10.544444444444444
886,11-2016,16980,0001,11.1625
919,11-2016,19820,0009,9.43
888,11-2016,16980,0006,9.89
889,11-2016,16980,0007,10.266666666666667
890,11-2016,16980,0019,8.3
891,11-2016,16980,0022,10.313269493844054
892,11-2016,16980,0024,9.096316507503404
893,11-2016,16980,0026,10.17
894,11-2016,16980,0031,9.939999999999998
918,11-2016,19820,0005,10.799999999999999
942,11-2016,31080,4008,16.93994490358129
920,11-2016,19820,0015,13.05
943,11-2016,31080,9033,7.179079497907949
945,11-2016,32580,1046,9.02222222222222
946,11-2016,33140,0011,8.639999999999999
947,11-2016,33780,0006,10.049999999999999
948,11-2016,37100,0007,8.026536312849162
949,11-2016,37100,0009,4.694249649368864
950,11-2016,37100,1004,5.855648535564853
951,11-2016,37100,2002,6.268479776847978
952,11-2016,37100,3001,6.606694560669456
953,11-2016,39740,0011,12.280349932705255
954,11-2016,40140,0009,7.797560975609756
955,11-2016,40140,0027,15.461241379310346
956,11-2016,40140,0306,6.502797202797203
957,11-2016,40140,1016,6.617747440273037
958,11-2016,40140,2002,7.6937500000000005
959,11-2016,40140,5001,3.6500000000000004
960,11-2016,40140,8001,10.394871794871795
961,11-2016,40140,8005,13.308823529411764
962,11-2016,40140,9004,8.877777777777778
921,11-2016,19820,0016,11.65
944,11-2016,32580,0043,6.1
963,11-2016,47220,0007,9.241761363636368
927,11-2016,19820,0093,14.22638146167556
931,11-2016,22420,0021,9.010000000000002
922,11-2016,19820,0019,10.3
923,11-2016,19820,0025,10.41
924,11-2016,19820,0033,13.613333333333335
925,11-2016,19820,0036,9.680000000000001
926,11-2016,19820,0039,10.78965517241379
928,11-2016,19820,0095,10.025341426403639
929,11-2016,20100,0002,8.267184466019415
930,11-2016,20100,0003,7.15
941,11-2016,31080,4004,11.320689655172416
932,11-2016,31080,0002,8.69
937,11-2016,31080,1602,13.175
933,11-2016,31080,0007,10.73703703703704
939,11-2016,31080,2022,6.81
938,11-2016,31080,2005,9.54
940,11-2016,31080,4002,11.262068965517242
936,11-2016,31080,1302,15.709999999999999
935,11-2016,31080,1201,9.455555555555556
934,11-2016,31080,1103,11.66764705882353
820,10-2016,17460,0004,5.88
812,10-2016,16980,1016,9.514285714285714
813,10-2016,16980,2004,6.32
814,10-2016,16980,3103,8.178571428571429
815,10-2016,16980,3301,8.16
816,10-2016,16980,4002,6.5
817,10-2016,16980,4007,8.190000000000001
818,10-2016,16980,4201,7.05
819,10-2016,16980,6005,6.539999999999999
832,10-2016,19820,0015,10.580000000000002
830,10-2016,19820,0005,5.25
821,10-2016,17460,0007,5.306666666666668
822,10-2016,17460,0034,6.62
823,10-2016,17460,0038,8.685
824,10-2016,17460,0045,7.949999999999999
825,10-2016,17460,0060,8.360000000000001
826,10-2016,17460,0065,10.029999999999998
827,10-2016,17460,1002,6.289999999999999
828,10-2016,17460,3002,5.239999999999999
829,10-2016,19820,0001,6.668292682926832
810,10-2016,16980,1002,7.088888888888889
811,10-2016,16980,1011,6.847770700636941
800,10-2016,16980,0006,6.62
809,10-2016,16980,0076,6.859999999999999
797,10-2016,15940,0020,6.63
788,10-2016,10300,0007,5.577777777777778
789,10-2016,10420,0002,6.17
791,10-2016,10420,0023,7.029999999999999
792,10-2016,11460,0008,5.7733333333333325
793,10-2016,12100,0006,4.964646464646465
794,10-2016,12100,1006,6.525
795,10-2016,15180,0006,6.1499999999999995
796,10-2016,15940,0017,7.566666666666667
798,10-2016,16980,0001,6.05
808,10-2016,16980,0057,6.36
799,10-2016,16980,0003,7.33
801,10-2016,16980,0007,7.0874999999999995
802,10-2016,16980,0019,4.820000000000001
803,10-2016,16980,0022,7.15327510917031
804,10-2016,16980,0024,5.607342143906027
805,10-2016,16980,0026,7.42
806,10-2016,16980,0031,6.786666666666666
807,10-2016,16980,0052,8.855555555555554
831,10-2016,19820,0009,5.31
790,10-2016,10420,0017,7.638605898123338
833,10-2016,19820,0016,6.55
855,10-2016,31080,9033,6.994054054054052
857,10-2016,32580,1046,5.955555555555556
858,10-2016,33140,0011,5.45
859,10-2016,33780,0006,6.68
860,10-2016,37100,0007,7.3382749326145555
861,10-2016,37100,0009,7.293800539083558
862,10-2016,37100,1004,6.233433734939759
863,10-2016,37100,2002,6.50236646382691
864,10-2016,37100,3001,7.743089430894309
865,10-2016,39740,0011,8.848370273793996
866,10-2016,40140,0009,9.78640226628895
867,10-2016,40140,0027,13.480026631158463
868,10-2016,40140,0306,4.768243243243243
869,10-2016,40140,1016,10.783357664233577
870,10-2016,40140,2002,10.094736842105263
871,10-2016,40140,5001,4.84
872,10-2016,40140,8001,12.746341463414634
873,10-2016,40140,8005,15.125714285714285
834,10-2016,19820,0019,5.94
874,10-2016,40140,9004,13.16666666666667
856,10-2016,32580,0043,7.220000000000001
875,10-2016,47220,0007,5.870068965517236
854,10-2016,31080,4008,14.15356125356125
843,10-2016,22420,0021,5.010000000000001
853,10-2016,31080,4004,7.438709677419354
835,10-2016,19820,0025,7.150000000000001
836,10-2016,19820,0033,7.02
837,10-2016,19820,0036,6.26
838,10-2016,19820,0039,7.107692307692307
839,10-2016,19820,0093,9.928328611897976
841,10-2016,20100,0002,4.610079575596817
842,10-2016,20100,0003,5.33
840,10-2016,19820,0095,6.232228360957661
844,10-2016,31080,0002,9.069999999999999
846,10-2016,31080,1103,9.463888888888892
852,10-2016,31080,4002,8.049999999999999
847,10-2016,31080,1201,6.540000000000001
848,10-2016,31080,1302,7.3999999999999995
849,10-2016,31080,1602,9.33
850,10-2016,31080,2005,7.970000000000001
851,10-2016,31080,2022,7.12
845,10-2016,31080,0007,7.676923076923076
727,09-2016,16980,3301,7.75
729,09-2016,16980,4007,6.4125
728,09-2016,16980,4002,7.35
723,09-2016,16980,1011,5.24
726,09-2016,16980,3103,7.506666666666665
725,09-2016,16980,2004,6.839999999999999
724,09-2016,16980,1016,8.54
731,09-2016,16980,6005,6.859999999999999
730,09-2016,16980,4201,6.800000000000001
741,09-2016,19820,0001,7.467499999999997
732,09-2016,17460,0004,5.9
733,09-2016,17460,0007,5.426666666666667
734,09-2016,17460,0034,5.333333333333333
735,09-2016,17460,0038,7.940000000000002
736,09-2016,17460,0045,6.610000000000001
737,09-2016,17460,0060,7.188888888888887
738,09-2016,17460,0065,8.35
739,09-2016,17460,1002,5.380000000000001
740,09-2016,17460,3002,5.053333333333334
721,09-2016,16980,0076,6.58
722,09-2016,16980,1002,8.000000000000002
711,09-2016,16980,0003,6.95
720,09-2016,16980,0057,7.0
719,09-2016,16980,0052,6.970000000000001
743,09-2016,19820,0009,6.08
700,09-2016,10300,0007,5.800000000000001
701,09-2016,10420,0002,5.36
702,09-2016,10420,0017,8.147310344827591
703,09-2016,10420,0023,6.044444444444445
704,09-2016,11460,0008,6.3133333333333335
705,09-2016,12100,0006,6.255148095909734
706,09-2016,12100,1006,6.709999999999999
707,09-2016,15180,0006,8.26
708,09-2016,15940,0017,8.233333333333336
709,09-2016,15940,0020,6.900000000000001
710,09-2016,16980,0001,6.975
712,09-2016,16980,0006,6.850000000000001
713,09-2016,16980,0007,7.550000000000001
714,09-2016,16980,0019,4.9
715,09-2016,16980,0022,8.816212534059956
716,09-2016,16980,0024,4.806206896551724
717,09-2016,16980,0026,8.309999999999999
718,09-2016,16980,0031,7.4
742,09-2016,19820,0005,6.17
744,09-2016,19820,0015,8.419999999999998
787,09-2016,47220,0007,6.256195965417877
766,09-2016,31080,4008,14.650070521861759
768,09-2016,32580,0043,9.0
769,09-2016,32580,1046,12.819999999999999
770,09-2016,33140,0011,6.409999999999999
771,09-2016,33780,0006,6.32
772,09-2016,37100,0007,11.06136680613668
773,09-2016,37100,0009,11.497206703910615
774,09-2016,37100,1004,9.978805394990365
775,09-2016,37100,2002,10.388399412628488
777,09-2016,39740,0011,9.739658444022757
778,09-2016,40140,0009,12.316778523489933
779,09-2016,40140,0027,15.480428954423585
780,09-2016,40140,0306,5.4577714691270405
781,09-2016,40140,1016,11.349585635359116
782,09-2016,40140,2002,9.044444444444444
783,09-2016,40140,5001,5.480000000000001
784,09-2016,40140,8001,11.409999999999998
785,09-2016,40140,8005,13.294117647058826
786,09-2016,40140,9004,10.1
745,09-2016,19820,0016,7.139999999999999
767,09-2016,31080,9033,7.132916666666661
776,09-2016,37100,3001,10.541125541125542
765,09-2016,31080,4004,9.256666666666668
755,09-2016,22420,0021,5.930000000000001
764,09-2016,31080,4002,10.759999999999998
747,09-2016,19820,0025,6.609999999999999
748,09-2016,19820,0033,9.313333333333333
749,09-2016,19820,0036,6.055555555555555
750,09-2016,19820,0039,7.456666666666668
751,09-2016,19820,0093,10.277001455604047
752,09-2016,19820,0095,5.684724409448838
753,09-2016,20100,0002,6.019119669876207
754,09-2016,20100,0003,5.2375
746,09-2016,19820,0019,6.58
756,09-2016,31080,0002,10.160000000000002
757,09-2016,31080,0007,9.48
758,09-2016,31080,1103,11.48235294117647
759,09-2016,31080,1201,8.25
760,09-2016,31080,1302,10.3375
761,09-2016,31080,1602,11.210000000000003
762,09-2016,31080,2005,8.766666666666667
763,09-2016,31080,2022,7.7444444444444445
639,08-2016,16980,3301,8.155555555555555
642,08-2016,16980,4201,7.444444444444445
641,08-2016,16980,4007,8.316666666666666
640,08-2016,16980,4002,7.849999999999999
635,08-2016,16980,1011,6.980000000000001
638,08-2016,16980,3103,9.914285714285715
637,08-2016,16980,2004,7.5181818181818185
636,08-2016,16980,1016,10.643749999999997
644,08-2016,17460,0004,5.881818181818182
643,08-2016,16980,6005,11.299999999999999
648,08-2016,17460,0045,7.681818181818182
645,08-2016,17460,0007,6.68125
646,08-2016,17460,0034,7.4363636363636365
647,08-2016,17460,0038,8.745454545454548
633,08-2016,16980,0076,10.22
649,08-2016,17460,0060,9.409090909090908
650,08-2016,17460,0065,10.045454545454545
651,08-2016,17460,1002,6.4
652,08-2016,17460,3002,5.78
653,08-2016,19820,0001,7.578378378378381
634,08-2016,16980,1002,7.772727272727272
655,08-2016,19820,0009,6.872727272727274
612,08-2016,10300,0007,6.336363636363638
632,08-2016,16980,0057,10.639999999999999
613,08-2016,10420,0002,7.119999999999999
614,08-2016,10420,0017,7.809838274932616
615,08-2016,10420,0023,7.0636363636363635
616,08-2016,11460,0008,6.89375
617,08-2016,12100,0006,7.051017639077335
618,08-2016,12100,1006,6.9818181818181815
619,08-2016,15180,0006,10.720000000000002
620,08-2016,15940,0017,7.925000000000002
621,08-2016,15940,0020,7.381818181818184
622,08-2016,16980,0001,10.18
623,08-2016,16980,0003,7.5636363636363635
624,08-2016,16980,0006,7.6
625,08-2016,16980,0007,7.354545454545454
626,08-2016,16980,0019,6.44
627,08-2016,16980,0022,7.992529488859762
628,08-2016,16980,0024,5.923117569352706
629,08-2016,16980,0026,9.036363636363637
630,08-2016,16980,0031,8.40625
631,08-2016,16980,0052,6.666666666666666
654,08-2016,19820,0005,6.854545454545455
679,08-2016,31080,9033,9.415135135135138
656,08-2016,19820,0015,11.654545454545456
678,08-2016,31080,4008,15.22546583850932
681,08-2016,32580,1046,11.07
682,08-2016,33140,0011,6.454545454545454
683,08-2016,33780,0006,7.163636363636363
684,08-2016,37100,0007,13.523616734143049
685,08-2016,37100,0009,12.519515477792732
686,08-2016,37100,1004,10.306342780026991
687,08-2016,37100,2002,12.759946055293325
688,08-2016,37100,3001,8.455525606469003
689,08-2016,39740,0011,9.803937007874032
690,08-2016,40140,0009,13.141318977119784
691,08-2016,40140,0027,17.875488917861798
692,08-2016,40140,0306,8.380176510522743
693,08-2016,40140,1016,14.346540027137042
694,08-2016,40140,2002,11.140909090909092
695,08-2016,40140,5001,8.145454545454545
696,08-2016,40140,8001,12.0325
697,08-2016,40140,8005,13.188888888888888
698,08-2016,40140,9004,12.118181818181817
657,08-2016,19820,0016,9.129999999999999
680,08-2016,32580,0043,8.66
699,08-2016,47220,0007,7.445625841184383
677,08-2016,31080,4004,9.35925925925926
666,08-2016,20100,0003,6.636363636363638
676,08-2016,31080,4002,10.306451612903224
659,08-2016,19820,0025,7.981818181818181
660,08-2016,19820,0033,8.8375
661,08-2016,19820,0036,7.74
662,08-2016,19820,0039,8.051851851851852
663,08-2016,19820,0093,11.927489481065903
664,08-2016,19820,0095,6.834759358288772
665,08-2016,20100,0002,6.247682119205298
658,08-2016,19820,0019,6.9
667,08-2016,22420,0021,6.218181818181819
669,08-2016,31080,0007,8.948148148148148
670,08-2016,31080,1103,12.138888888888886
671,08-2016,31080,1201,9.590909090909092
672,08-2016,31080,1302,9.70909090909091
673,08-2016,31080,1602,11.245454545454546
674,08-2016,31080,2005,9.981818181818182
675,08-2016,31080,2022,8.959999999999999
668,08-2016,31080,0002,12.42727272727273
554,07-2016,16980,4201,8.025
556,07-2016,17460,0004,8.174999999999999
555,07-2016,16980,6005,8.84
551,07-2016,16980,3301,10.2
553,07-2016,16980,4007,9.444444444444445
552,07-2016,16980,4002,8.633333333333333
558,07-2016,17460,0034,8.639999999999999
550,07-2016,16980,3103,10.18
557,07-2016,17460,0007,8.978571428571428
562,07-2016,17460,0065,11.68
559,07-2016,17460,0038,10.819999999999997
560,07-2016,17460,0045,10.86
561,07-2016,17460,0060,10.95
563,07-2016,17460,1002,9.879999999999999
564,07-2016,17460,3002,8.586666666666668
565,07-2016,19820,0001,9.1
566,07-2016,19820,0005,7.709090909090909
549,07-2016,16980,2004,8.950000000000001
568,07-2016,19820,0015,17.6
567,07-2016,19820,0009,8.5
540,07-2016,16980,0024,8.164257555847541
548,07-2016,16980,1016,11.516666666666667
536,07-2016,16980,0006,8.94
570,07-2016,19820,0019,8.055555555555555
529,07-2016,12100,0006,9.184786053882721
530,07-2016,12100,1006,8.522222222222222
531,07-2016,15180,0006,10.34
532,07-2016,15940,0017,10.626666666666665
533,07-2016,15940,0020,9.309999999999999
534,07-2016,16980,0001,7.9300000000000015
535,07-2016,16980,0003,7.955555555555555
537,07-2016,16980,0007,8.3
547,07-2016,16980,1011,7.840000000000001
538,07-2016,16980,0019,7.58
539,07-2016,16980,0022,10.073890339425587
541,07-2016,16980,0026,9.969999999999999
542,07-2016,16980,0031,9.346666666666666
543,07-2016,16980,0052,9.139999999999999
544,07-2016,16980,0057,8.940000000000001
545,07-2016,16980,0076,8.940000000000001
546,07-2016,16980,1002,8.225
569,07-2016,19820,0016,8.719999999999999
591,07-2016,31080,9033,13.802564102564109
571,07-2016,19820,0025,8.459999999999999
603,07-2016,40140,0027,18.280683311432306
595,07-2016,33780,0006,7.640000000000001
596,07-2016,37100,0007,11.89054054054054
597,07-2016,37100,0009,13.886486486486486
598,07-2016,37100,1004,11.332432432432432
599,07-2016,37100,2002,12.404040404040405
600,07-2016,37100,3001,8.560646900269541
601,07-2016,39740,0011,11.744095665171915
602,07-2016,40140,0009,12.144196428571428
604,07-2016,40140,0306,8.367097701149426
572,07-2016,19820,0033,11.020000000000003
605,07-2016,40140,1016,12.889098837209303
606,07-2016,40140,2002,13.829999999999998
607,07-2016,40140,5001,8.18888888888889
608,07-2016,40140,8001,14.519999999999996
609,07-2016,40140,8005,15.622222222222225
610,07-2016,40140,9004,16.49
611,07-2016,47220,0007,9.241970310391363
527,07-2016,10420,0023,8.54
594,07-2016,33140,0011,9.530000000000001
593,07-2016,32580,1046,9.016666666666667
592,07-2016,32580,0043,12.999999999999998
590,07-2016,31080,4008,14.816262482168334
573,07-2016,19820,0036,7.4799999999999995
574,07-2016,19820,0039,8.421052631578947
575,07-2016,19820,0093,12.251373626373587
576,07-2016,19820,0095,9.0
577,07-2016,20100,0002,9.219628647214853
578,07-2016,20100,0003,8.71
579,07-2016,22420,0021,6.711111111111112
580,07-2016,31080,0002,14.520000000000001
581,07-2016,31080,0007,9.619354838709679
582,07-2016,31080,1103,11.927777777777779
583,07-2016,31080,1201,9.85
584,07-2016,31080,1302,9.98
585,07-2016,31080,1602,11.48
586,07-2016,31080,2005,11.460000000000003
587,07-2016,31080,2022,8.81
588,07-2016,31080,4002,10.126666666666665
589,07-2016,31080,4004,8.899999999999999
528,07-2016,11460,0008,8.013333333333334
526,07-2016,10420,0017,10.59522546419098
524,07-2016,10300,0007,8.214285714285714
525,07-2016,10420,0002,8.639999999999999
459,06-2016,16980,1011,8.1
468,06-2016,17460,0004,7.360000000000001
458,06-2016,16980,1002,7.12
460,06-2016,16980,1016,9.963636363636363
461,06-2016,16980,2004,8.59
462,06-2016,16980,3103,8.561538461538463
463,06-2016,16980,3301,8.600000000000001
464,06-2016,16980,4002,8.49
465,06-2016,16980,4007,8.53
466,06-2016,16980,4201,6.614285714285714
467,06-2016,16980,6005,7.619999999999999
469,06-2016,17460,0007,6.678571428571429
456,06-2016,16980,0057,7.3
471,06-2016,17460,0038,9.788235294117646
472,06-2016,17460,0045,11.84
473,06-2016,17460,0060,9.079999999999998
474,06-2016,17460,0065,11.27
475,06-2016,17460,1002,8.27
476,06-2016,17460,3002,6.776923076923078
477,06-2016,19820,0001,8.370000000000001
478,06-2016,19820,0005,5.822222222222223
457,06-2016,16980,0076,7.7
455,06-2016,16980,0052,7.7444444444444445
480,06-2016,19820,0015,11.02
444,06-2016,15940,0017,9.173333333333334
436,06-2016,10300,0007,6.7299999999999995
437,06-2016,10420,0002,7.080000000000001
438,06-2016,10420,0017,8.426104972375704
439,06-2016,10420,0023,8.38888888888889
440,06-2016,11460,0008,7.64
441,06-2016,12100,0006,7.668033946251759
442,06-2016,12100,1006,7.49
443,06-2016,15180,0006,9.499999999999998
445,06-2016,15940,0020,9.1
454,06-2016,16980,0031,9.307142857142855
446,06-2016,16980,0001,7.2
447,06-2016,16980,0003,7.2666666666666675
448,06-2016,16980,0006,10.36
449,06-2016,16980,0007,8.1
450,06-2016,16980,0019,5.66
451,06-2016,16980,0022,7.614372163388819
452,06-2016,16980,0024,6.830909090909097
453,06-2016,16980,0026,9.544444444444444
479,06-2016,19820,0009,6.28
470,06-2016,17460,0034,8.080000000000002
481,06-2016,19820,0016,7.749999999999998
513,06-2016,39740,0011,12.40801630434783
504,06-2016,32580,0043,9.0
505,06-2016,32580,1046,8.799999999999999
506,06-2016,33140,0011,7.640000000000001
507,06-2016,33780,0006,7.17
508,06-2016,37100,0007,12.99025069637883
509,06-2016,37100,0009,12.510460251046025
510,06-2016,37100,1004,13.428790199081163
482,06-2016,19820,0019,7.7799999999999985
512,06-2016,37100,3001,10.098885793871867
514,06-2016,40140,0009,12.572625698324023
502,06-2016,31080,4008,15.20307101727448
515,06-2016,40140,0027,16.73552188552188
516,06-2016,40140,0306,6.98249299719888
517,06-2016,40140,1016,13.647839506172838
518,06-2016,40140,2002,12.315000000000001
519,06-2016,40140,5001,9.575
520,06-2016,40140,8001,12.5725
521,06-2016,40140,8005,14.511764705882348
522,06-2016,40140,9004,13.011111111111111
523,06-2016,47220,0007,7.609130434782601
503,06-2016,31080,9033,10.745972222222225
511,06-2016,37100,2002,13.509078212290502
501,06-2016,31080,4004,9.733333333333333
491,06-2016,22420,0021,6.119999999999999
500,06-2016,31080,4002,10.986206896551725
484,06-2016,19820,0033,10.033333333333333
485,06-2016,19820,0036,7.6
486,06-2016,19820,0039,7.953333333333333
487,06-2016,19820,0093,12.262936046511614
488,06-2016,19820,0095,8.760000000000002
489,06-2016,20100,0002,6.796106557377055
490,06-2016,20100,0003,6.355555555555557
483,06-2016,19820,0025,7.9799999999999995
492,06-2016,31080,0002,13.9
494,06-2016,31080,1103,14.348571428571429
495,06-2016,31080,1201,12.677777777777777
496,06-2016,31080,1302,10.930000000000003
497,06-2016,31080,1602,12.939999999999998
498,06-2016,31080,2005,12.540000000000001
499,06-2016,31080,2022,9.360000000000001
493,06-2016,31080,0007,9.526666666666667
374,05-2016,16980,3103,9.278571428571428
377,05-2016,16980,4007,8.52
376,05-2016,16980,4002,7.8
375,05-2016,16980,3301,9.35
371,05-2016,16980,1011,6.42
373,05-2016,16980,2004,7.909999999999999
372,05-2016,16980,1016,10.442857142857141
379,05-2016,16980,6005,9.340000000000002
370,05-2016,16980,1002,8.616666666666667
378,05-2016,16980,4201,6.7749999999999995
383,05-2016,17460,0038,9.419999999999998
380,05-2016,17460,0004,7.094992175273863
381,05-2016,17460,0007,7.9399999999999995
382,05-2016,17460,0034,8.379999999999999
384,05-2016,17460,0045,9.799999999999999
385,05-2016,17460,0060,10.5
386,05-2016,17460,0065,10.72
387,05-2016,17460,1002,7.9
388,05-2016,17460,3002,7.049999999999999
389,05-2016,19820,0001,8.826829268292684
368,05-2016,16980,0057,8.98
369,05-2016,16980,0076,8.72
416,05-2016,32580,0043,13.86
367,05-2016,16980,0052,8.32
366,05-2016,16980,0031,9.066666666666666
391,05-2016,19820,0009,7.13
348,05-2016,10300,0007,7.657142857142857
349,05-2016,10420,0002,6.2
350,05-2016,10420,0017,9.830892143808253
351,05-2016,10420,0023,7.039999999999999
352,05-2016,11460,0008,7.126666666666665
353,05-2016,12100,0006,7.417291066282416
354,05-2016,12100,1006,6.49
355,05-2016,15180,0006,15.133333333333333
356,05-2016,15940,0017,9.379999999999997
357,05-2016,15940,0020,4.723529411764706
358,05-2016,16980,0001,7.072727272727271
359,05-2016,16980,0003,8.444444444444445
360,05-2016,16980,0006,8.655555555555555
361,05-2016,16980,0007,7.849999999999999
362,05-2016,16980,0019,8.790000000000001
363,05-2016,16980,0022,6.667931937172783
364,05-2016,16980,0024,5.829683377308712
365,05-2016,16980,0026,10.139999999999997
390,05-2016,19820,0005,6.88
427,05-2016,40140,0027,13.215051903114174
392,05-2016,19820,0015,10.91
425,05-2016,39740,0011,11.311772315653297
417,05-2016,32580,1046,12.960000000000003
418,05-2016,33140,0011,6.9
419,05-2016,33780,0006,8.24
420,05-2016,37100,0007,9.663072776280323
421,05-2016,37100,0009,8.338315217391305
422,05-2016,37100,1004,9.80161943319838
393,05-2016,19820,0016,8.62
424,05-2016,37100,3001,7.467654986522911
426,05-2016,40140,0009,8.08236092265943
414,05-2016,31080,4008,10.441739130434778
428,05-2016,40140,0306,4.682978723404255
429,05-2016,40140,1016,13.566
430,05-2016,40140,2002,8.394736842105264
431,05-2016,40140,5001,5.2700000000000005
432,05-2016,40140,8001,10.009756097560974
433,05-2016,40140,8005,11.623529411764709
434,05-2016,40140,9004,8.32
435,05-2016,47220,0007,6.918442622950821
415,05-2016,31080,9033,8.240485829959512
423,05-2016,37100,2002,9.425775978407557
413,05-2016,31080,4004,6.606451612903225
403,05-2016,22420,0021,6.82
394,05-2016,19820,0019,8.04
412,05-2016,31080,4002,7.449999999999998
396,05-2016,19820,0033,10.053333333333333
397,05-2016,19820,0036,7.41111111111111
398,05-2016,19820,0039,8.050000000000002
399,05-2016,19820,0093,15.349568965517252
400,05-2016,19820,0095,8.33
401,05-2016,20100,0002,6.640000000000001
402,05-2016,20100,0003,6.640000000000001
395,05-2016,19820,0025,7.87
404,05-2016,31080,0002,8.760000000000002
405,05-2016,31080,0007,6.14193548387097
406,05-2016,31080,1103,9.222857142857142
407,05-2016,31080,1201,6.25
408,05-2016,31080,1302,6.960000000000001
409,05-2016,31080,1602,8.940000000000001
410,05-2016,31080,2005,7.409999999999999
411,05-2016,31080,2022,6.45
288,04-2016,16980,3301,9.360000000000001
291,04-2016,16980,4201,8.044444444444444
290,04-2016,16980,4007,7.9875
289,04-2016,16980,4002,7.790000000000001
283,04-2016,16980,1002,7.860000000000001
287,04-2016,16980,3103,10.06153846153846
286,04-2016,16980,2004,8.88
284,04-2016,16980,1011,8.059999999999999
293,04-2016,17460,0004,6.639245810055873
292,04-2016,16980,6005,11.459999999999999
297,04-2016,17460,0045,7.077777777777777
294,04-2016,17460,0007,7.086666666666667
295,04-2016,17460,0034,7.0600000000000005
296,04-2016,17460,0038,10.683333333333335
281,04-2016,16980,0057,10.86
298,04-2016,17460,0060,9.3
299,04-2016,17460,0065,10.800000000000002
302,04-2016,19820,0001,6.935
300,04-2016,17460,1002,8.08
301,04-2016,17460,3002,6.673333333333334
282,04-2016,16980,0076,10.26
263,04-2016,10420,0017,11.356849315068498
280,04-2016,16980,0052,8.466666666666667
269,04-2016,15940,0017,8.406666666666668
304,04-2016,19820,0009,6.870000000000002
261,04-2016,10300,0007,5.8875
262,04-2016,10420,0002,5.444444444444445
264,04-2016,10420,0023,6.888888888888889
265,04-2016,11460,0008,7.041176470588236
266,04-2016,12100,0006,6.537902097902096
267,04-2016,12100,1006,5.0600000000000005
268,04-2016,15180,0006,13.799999999999999
270,04-2016,15940,0020,6.7299999999999995
279,04-2016,16980,0031,10.92
271,04-2016,16980,0001,8.8625
272,04-2016,16980,0003,7.218181818181818
273,04-2016,16980,0006,9.250000000000002
274,04-2016,16980,0007,8.680000000000001
275,04-2016,16980,0019,8.389999999999999
276,04-2016,16980,0022,13.854356846473035
277,04-2016,16980,0024,7.2505443234836635
278,04-2016,16980,0026,9.8
303,04-2016,19820,0005,7.07
285,04-2016,16980,1016,10.715384615384615
305,04-2016,19820,0015,8.95
326,04-2016,31080,4008,12.358495821727013
328,04-2016,32580,0043,16.18
329,04-2016,32580,1046,12.3
330,04-2016,33140,0011,7.960000000000001
331,04-2016,33780,0006,6.7444444444444445
332,04-2016,37100,0007,8.557262569832401
333,04-2016,37100,0009,7.333333333333333
334,04-2016,37100,1004,9.363128491620111
335,04-2016,37100,2002,6.51183844011142
336,04-2016,37100,3001,9.208976157082748
337,04-2016,39740,0011,10.627149321266977
338,04-2016,40140,0009,6.046501457725947
339,04-2016,40140,0027,13.394959128065407
340,04-2016,40140,0306,5.386648122392211
341,04-2016,40140,1016,9.199172413793104
342,04-2016,40140,2002,7.28
343,04-2016,40140,5001,4.94
344,04-2016,40140,8001,9.183333333333335
345,04-2016,40140,8005,10.178125
346,04-2016,40140,9004,6.65
327,04-2016,31080,9033,5.962499999999996
347,04-2016,47220,0007,6.853465346534649
325,04-2016,31080,4004,7.795999999999999
316,04-2016,31080,0002,7.45
307,04-2016,19820,0019,6.890000000000001
308,04-2016,19820,0025,7.0699999999999985
309,04-2016,19820,0033,8.500000000000002
310,04-2016,19820,0036,6.390000000000001
311,04-2016,19820,0039,6.596666666666668
313,04-2016,20100,0002,4.323762376237621
314,04-2016,20100,0003,
315,04-2016,22420,0021,5.5777777777777775
312,04-2016,19820,0095,7.669999999999999
317,04-2016,31080,0007,7.310344827586207
322,04-2016,31080,2005,6.95
318,04-2016,31080,1103,10.409375
306,04-2016,19820,0016,7.38
323,04-2016,31080,2022,5.3375
324,04-2016,31080,4002,8.97857142857143
321,04-2016,31080,1602,8.56
320,04-2016,31080,1302,7.779999999999999
319,04-2016,31080,1201,8.237499999999999
205,03-2016,16980,6005,6.34
198,03-2016,16980,1016,8.164285714285715
199,03-2016,16980,2004,6.918181818181819
200,03-2016,16980,3103,7.1117647058823525
201,03-2016,16980,3301,7.854545454545454
202,03-2016,16980,4002,6.711111111111111
203,03-2016,16980,4007,6.709999999999999
204,03-2016,16980,4201,5.836363636363638
197,03-2016,16980,1011,5.3500000000000005
215,03-2016,19820,0001,8.141025641025642
206,03-2016,17460,0004,7.970244565217382
207,03-2016,17460,0007,4.8133333333333335
208,03-2016,17460,0034,5.545454545454546
209,03-2016,17460,0038,8.104347826086956
210,03-2016,17460,0045,7.972727272727273
211,03-2016,17460,0060,8.41818181818182
212,03-2016,17460,0065,9.133333333333335
213,03-2016,17460,1002,5.99
214,03-2016,17460,3002,5.266666666666667
195,03-2016,16980,0076,6.866666666666667
196,03-2016,16980,1002,6.5
185,03-2016,16980,0003,6.88
194,03-2016,16980,0057,6.966666666666666
182,03-2016,15940,0017,6.847058823529412
217,03-2016,19820,0009,6.56
175,03-2016,10420,0002,6.145454545454545
176,03-2016,10420,0017,12.443275632490016
177,03-2016,10420,0023,6.6000000000000005
178,03-2016,11460,0008,6.647058823529411
179,03-2016,12100,0006,8.710911602209949
180,03-2016,12100,1006,8.081818181818182
181,03-2016,15180,0006,11.954545454545455
183,03-2016,15940,0020,6.754545454545454
193,03-2016,16980,0052,7.510000000000001
184,03-2016,16980,0001,7.355555555555556
186,03-2016,16980,0006,6.840000000000001
187,03-2016,16980,0007,6.290000000000001
188,03-2016,16980,0019,6.390909090909091
189,03-2016,16980,0022,9.145414201183435
190,03-2016,16980,0024,7.993298291721406
191,03-2016,16980,0026,7.063636363636363
192,03-2016,16980,0031,6.617647058823529
216,03-2016,19820,0005,7.836363636363638
174,03-2016,10300,0007,6.263636363636363
218,03-2016,19820,0015,8.77
240,03-2016,31080,9033,5.130229419703109
242,03-2016,32580,1046,12.163636363636364
243,03-2016,33140,0011,6.154545454545455
244,03-2016,33780,0006,6.427272727272726
245,03-2016,37100,0007,9.405405405405405
246,03-2016,37100,0009,6.936227951153325
247,03-2016,37100,1004,9.405442176870748
248,03-2016,37100,2002,7.563894523326572
249,03-2016,37100,3001,8.832558139534884
250,03-2016,39740,0011,9.95939643347051
251,03-2016,40140,0009,5.655060728744939
252,03-2016,40140,0027,16.486718750000005
253,03-2016,40140,0306,5.83982683982684
254,03-2016,40140,1016,9.705675675675675
255,03-2016,40140,2002,8.990476190476192
256,03-2016,40140,5001,5.245454545454545
257,03-2016,40140,8001,11.707142857142857
258,03-2016,40140,8005,13.63823529411765
259,03-2016,40140,9004,9.545454545454547
260,03-2016,47220,0007,9.295098039215679
241,03-2016,32580,0043,14.449999999999998
219,03-2016,19820,0016,8.879999999999999
239,03-2016,31080,4008,11.98773841961853
228,03-2016,22420,0021,6.93
238,03-2016,31080,4004,8.709677419354838
220,03-2016,19820,0019,7.7
221,03-2016,19820,0025,7.472727272727273
222,03-2016,19820,0033,9.370588235294118
223,03-2016,19820,0036,6.581818181818181
224,03-2016,19820,0039,8.148387096774194
226,03-2016,20100,0002,7.597343957503301
227,03-2016,20100,0003,8.47777777777778
225,03-2016,19820,0095,7.720000000000001
229,03-2016,31080,0002,10.872727272727273
231,03-2016,31080,1103,13.910344827586206
237,03-2016,31080,4002,9.051612903225806
232,03-2016,31080,1201,8.863636363636363
233,03-2016,31080,1302,11.218181818181819
234,03-2016,31080,1602,12.509090909090911
235,03-2016,31080,2005,9.733333333333333
236,03-2016,31080,2022,5.96
230,03-2016,31080,0007,8.332258064516129
115,02-2016,16980,4002,8.5875
117,02-2016,16980,4201,8.725
116,02-2016,16980,4007,9.985714285714284
111,02-2016,16980,1016,9.375000000000002
114,02-2016,16980,3301,10.700000000000001
113,02-2016,16980,3103,11.758333333333333
112,02-2016,16980,2004,9.544444444444444
119,02-2016,17460,0004,9.468436154949751
118,02-2016,16980,6005,10.425
129,02-2016,19820,0005,8.966666666666665
120,02-2016,17460,0007,7.484615384615385
121,02-2016,17460,0034,8.522222222222222
122,02-2016,17460,0038,10.325000000000001
123,02-2016,17460,0045,10.100000000000001
124,02-2016,17460,0060,8.412500000000001
125,02-2016,17460,0065,11.5125
126,02-2016,17460,1002,8.344444444444443
127,02-2016,17460,3002,8.615384615384617
128,02-2016,19820,0001,7.6342105263157904
109,02-2016,16980,1002,9.244444444444445
110,02-2016,16980,1011,9.0
99,02-2016,16980,0006,10.866666666666667
108,02-2016,16980,0076,12.4
107,02-2016,16980,0057,10.875
130,02-2016,19820,0009,8.11111111111111
88,02-2016,10420,0002,7.25
89,02-2016,10420,0017,11.714142857142853
90,02-2016,10420,0023,8.15
91,02-2016,11460,0008,8.876923076923077
92,02-2016,12100,0006,6.93997155049787
93,02-2016,12100,1006,6.833333333333333
94,02-2016,15180,0006,6.533333333333334
95,02-2016,15940,0017,9.738461538461538
96,02-2016,15940,0020,8.366666666666667
97,02-2016,16980,0001,7.733333333333333
98,02-2016,16980,0003,7.922222222222222
100,02-2016,16980,0007,9.322222222222221
101,02-2016,16980,0019,7.911111111111111
102,02-2016,16980,0022,10.994005847953213
103,02-2016,16980,0024,7.846164772727255
104,02-2016,16980,0026,10.08888888888889
105,02-2016,16980,0031,11.738461538461538
106,02-2016,16980,0052,8.055555555555555
87,02-2016,10300,0007,7.7555555555555555
131,02-2016,19820,0015,9.577777777777776
132,02-2016,19820,0016,8.533333333333333
165,02-2016,40140,0027,18.114022662889504
156,02-2016,33140,0011,9.455555555555556
157,02-2016,33780,0006,6.177777777777777
158,02-2016,37100,0007,5.104046242774566
159,02-2016,37100,0009,3.831168831168831
160,02-2016,37100,1004,7.733812949640288
161,02-2016,37100,2002,3.237580993520518
162,02-2016,37100,3001,6.86002886002886
164,02-2016,40140,0009,8.952605863192181
166,02-2016,40140,0306,5.277697841726619
154,02-2016,32580,0043,7.074999999999999
167,02-2016,40140,1016,5.8952857142857145
168,02-2016,40140,2002,7.782352941176471
169,02-2016,40140,5001,2.8625
170,02-2016,40140,8001,10.886486486486485
171,02-2016,40140,8005,13.081249999999999
172,02-2016,40140,9004,9.671428571428569
173,02-2016,47220,0007,8.000439238653003
133,02-2016,19820,0019,8.444444444444445
155,02-2016,32580,1046,5.6
163,02-2016,39740,0011,9.727762430939219
153,02-2016,31080,9033,5.026239067055394
143,02-2016,31080,0007,9.864
152,02-2016,31080,4008,16.919444444444412
135,02-2016,19820,0033,12.1
136,02-2016,19820,0036,6.75
137,02-2016,19820,0039,7.386206896551721
138,02-2016,19820,0095,8.78888888888889
139,02-2016,20100,0002,6.5290184921763865
140,02-2016,20100,0003,7.611111111111111
141,02-2016,22420,0021,9.622222222222222
142,02-2016,31080,0002,6.355555555555556
134,02-2016,19820,0025,8.455555555555556
144,02-2016,31080,1103,11.556250000000002
145,02-2016,31080,1201,5.611111111111111
146,02-2016,31080,1302,12.255555555555556
147,02-2016,31080,1602,10.799999999999999
148,02-2016,31080,2005,7.633333333333334
149,02-2016,31080,2022,5.577777777777778
150,02-2016,31080,4002,11.444827586206898
151,02-2016,31080,4004,11.593103448275858
28,01-2016,16980,4002,8.218181818181819
31,01-2016,16980,6005,12.016666666666666
30,01-2016,16980,4201,8.545454545454545
29,01-2016,16980,4007,11.09
24,01-2016,16980,1016,10.135714285714284
27,01-2016,16980,3301,9.440000000000001
26,01-2016,16980,3103,11.818749999999998
25,01-2016,16980,2004,9.454545454545453
33,01-2016,17460,0007,7.952941176470589
32,01-2016,17460,0004,10.878717598908558
37,01-2016,17460,0060,10.190909090909093
34,01-2016,17460,0034,7.990000000000002
35,01-2016,17460,0038,10.26
36,01-2016,17460,0045,9.47
22,01-2016,16980,1002,8.318181818181817
38,01-2016,17460,0065,10.736363636363635
39,01-2016,17460,1002,8.190909090909091
40,01-2016,17460,3002,8.986666666666663
41,01-2016,19820,0001,10.7
42,01-2016,19820,0005,10.154545454545454
23,01-2016,16980,1011,7.933333333333333
44,01-2016,19820,0015,12.02727272727273
21,01-2016,16980,0076,11.083333333333334
10,01-2016,16980,0001,10.64
2,01-2016,10420,0017,13.101195219123502
3,01-2016,10420,0023,8.763636363636364
4,01-2016,11460,0008,11.335294117647058
5,01-2016,12100,0006,8.227127659574466
6,01-2016,12100,1006,7.574999999999999
7,01-2016,15180,0006,7.781818181818182
8,01-2016,15940,0017,11.71764705882353
9,01-2016,15940,0020,9.827272727272726
11,01-2016,16980,0003,9.411111111111111
20,01-2016,16980,0057,12.466666666666667
12,01-2016,16980,0006,9.436363636363636
13,01-2016,16980,0007,8.877777777777778
14,01-2016,16980,0019,10.07272727272727
15,01-2016,16980,0022,10.76736020806241
16,01-2016,16980,0024,9.033900523560193
17,01-2016,16980,0026,11.350000000000001
18,01-2016,16980,0031,10.4875
19,01-2016,16980,0052,10.554545454545455
43,01-2016,19820,0009,9.50909090909091
1,01-2016,10420,0002,
45,01-2016,19820,0016,11.263636363636365
77,01-2016,40140,0009,10.73608108108108
69,01-2016,33140,0011,9.690909090909091
70,01-2016,33780,0006,9.690000000000001
71,01-2016,37100,0007,7.35187969924812
72,01-2016,37100,0009,3.8602825745682887
73,01-2016,37100,1004,8.823211875843455
74,01-2016,37100,2002,6.3430508474576275
75,01-2016,37100,3001,6.975476839237057
76,01-2016,39740,0011,14.325097024579579
78,01-2016,40140,0027,19.857086614173216
67,01-2016,32580,0043,10.116666666666665
79,01-2016,40140,0306,6.731081081081081
80,01-2016,40140,1016,8.669385026737968
81,01-2016,40140,2002,9.804545454545455
82,01-2016,40140,5001,4.045454545454546
83,01-2016,40140,8001,13.45897435897436
84,01-2016,40140,8005,17.188888888888883
85,01-2016,40140,9004,11.833333333333334
86,01-2016,47220,0007,9.832341001353178
68,01-2016,32580,1046,6.381818181818182
66,01-2016,31080,9033,6.078349120433016
46,01-2016,19820,0019,10.08181818181818
55,01-2016,31080,0002,7.990909090909091
47,01-2016,19820,0025,10.60909090909091
48,01-2016,19820,0033,13.570588235294121
49,01-2016,19820,0036,9.390909090909092
50,01-2016,19820,0039,10.03225806451613
51,01-2016,19820,0095,10.745454545454544
52,01-2016,20100,0002,7.868741721854298
53,01-2016,20100,0003,8.436363636363636
54,01-2016,22420,0021,9.763636363636364
56,01-2016,31080,0007,12.122580645161289
65,01-2016,31080,4008,15.85144356955381
57,01-2016,31080,1103,11.578378378378378
58,01-2016,31080,1201,8.872727272727271
59,01-2016,31080,1302,14.162500000000001
60,01-2016,31080,1602,13.145454545454548
61,01-2016,31080,2005,9.945454545454545
62,01-2016,31080,2022,7.118181818181819
63,01-2016,31080,4002,12.533333333333333
64,01-2016,31080,4004,12.116666666666664
0,01-2016,10300,0007,9.345454545454546
