,Crude_Oil_Price,M/M Change,month_year,Recession,Unemployment,UE M/M,Inflation Rate,Inflation M/M,GDP (Trillion),GDP Rate M/M,Soybean,Wheat,Car Sales (thousands),date,Monthly Gold AVG,Dow Price
0,14.04,0.05,02-1992,0,7.4,0.1,2.8,0.2,9.48,-5.00%,211.1595749,177.1306,988.5,1992-02-01,353.1,3257.273707
1,14.12,0.08,03-1992,0,7.4,0.0,3.2,0.4,9.521,5.30%,216.14343689999998,169.3507385,1128.4,1992-03-01,341.7,3247.422729
2,15.36,1.24,04-1992,0,7.4,0.0,3.2,0.0,9.6,10.40%,211.29737749999998,159.9311981,1144.9,1992-04-01,336.4,3294.093355
3,16.38,1.02,05-1992,0,7.6,0.2,3.0,-0.2,9.606,0.80%,220.36938450000002,149.68911740000001,1169.7,1992-05-01,337.5,3376.7849850000002
4,17.96,1.58,06-1992,0,7.8,0.2,3.1,0.1,9.589,-2.10%,224.3886281,148.6657257,1297.0,1992-06-01,343.4,3337.7890850000003
5,17.8,-0.16,07-1992,0,7.7,-0.1,3.2,0.1,9.717,17.20%,208.1049497,136.3190155,1158.2,1992-07-01,357.9,3329.409102
6,17.07,-0.73,08-1992,0,7.6,-0.1,3.1,-0.1,9.734,2.10%,202.8684495,128.1684875,1065.2,1992-08-01,340.0,3307.455253
7,17.2,0.13,09-1992,0,7.6,0.0,3.0,-0.1,9.715,-2.30%,202.89141659999999,138.7357941,1095.4,1992-09-01,349.0,3293.924747
8,17.16,-0.04,10-1992,0,7.3,-0.3,3.2,0.2,9.749,4.30%,197.6778835,140.58128359999998,1132.2,1992-10-01,339.3,3198.6999960000003
9,16.0,-1.16,11-1992,0,7.4,0.1,3.0,-0.2,9.802999999999999,6.90%,205.2110943,147.5741882,988.6,1992-11-01,334.2,3238.48999
10,14.94,-1.06,12-1992,0,7.4,0.0,2.9,-0.1,9.831,3.50%,208.90879850000002,147.827652,1070.7,1992-12-01,332.9,3303.155007
11,14.7,-0.24,01-1993,0,7.3,-0.1,3.3,0.4,9.867,4.50%,212.33089730000003,155.65077209999998,915.3,1993-01-01,330.5,3277.7274899999998
12,15.53,0.83,02-1993,0,7.1,-0.2,3.2,-0.1,9.852,-1.80%,210.03418670000002,148.8843842,976.1,1993-02-01,327.6,3367.2589299999995
13,15.94,0.41,03-1993,0,7.0,-0.1,3.1,-0.1,9.868,2.00%,214.12233160000002,147.8996582,1228.9,1993-03-01,337.8,3440.738706
14,16.15,0.21,04-1993,0,7.1,0.1,3.2,0.1,9.831,-4.40%,217.682233,141.9924011,1273.5,1993-04-01,354.3,3423.625244
15,16.03,-0.12,05-1993,0,7.1,0.0,3.2,0.0,9.87,4.90%,221.4947727,136.58081049999998,1342.2,1993-05-01,377.5,3478.173486
16,15.06,-0.97,06-1993,0,7.0,-0.1,3.0,-0.2,9.927999999999999,7.30%,221.90818059999998,121.8177872,1383.1,1993-06-01,378.5,3513.814542
17,13.83,-1.23,07-1993,0,6.9,-0.1,2.8,-0.2,9.925,-0.40%,258.8392874,127.52239990000001,1266.9,1993-07-01,401.8,3529.4333030000003
18,13.75,-0.08,08-1993,0,6.8,-0.1,2.8,0.0,9.904,-2.50%,246.643754,129.79701229999998,1158.8,1993-08-01,371.6,3597.013172
19,13.39,-0.36,09-1993,0,6.7,-0.1,2.7,-0.1,9.943,4.80%,236.05591800000002,131.2943115,1164.6,1993-09-01,355.5,3592.288586
20,13.72,0.33,10-1993,0,6.8,0.1,2.8,0.1,10.02,9.70%,226.08819390000002,135.9561615,1182.5,1993-10-01,369.6,3625.80857
21,12.45,-1.27,11-1993,0,6.6,-0.2,2.7,-0.1,10.02,0.00%,243.9336355,146.50160219999998,1140.9,1993-11-01,370.9,3674.698579
22,10.38,-2.07,12-1993,0,6.5,-0.1,2.7,0.0,10.11,11.30%,252.5233332,158.6453857,1152.7,1993-12-01,391.8,3744.1040700000003
23,10.49,0.11,01-1994,0,6.6,0.1,2.5,-0.2,10.14,3.60%,255.6009255,153.2079773,1045.5,1994-01-01,377.9,3868.364769
24,10.71,0.22,02-1994,0,6.6,0.0,2.5,0.0,10.14,0.00%,249.67541200000002,147.0375214,1170.9,1994-02-01,381.6,3905.618935
25,10.94,0.23,03-1994,0,6.5,-0.1,2.5,0.0,10.2,7.30%,250.54816209999998,141.0437775,1472.2,1994-03-01,389.2,3816.9839079999997
26,12.31,1.37,04-1994,0,6.4,-0.1,2.4,-0.1,10.23,3.60%,242.7623131,140.45266719999998,1337.9,1994-04-01,376.5,3661.484735
27,14.02,1.71,05-1994,0,6.1,-0.3,2.3,-0.1,10.26,3.60%,250.22662259999998,140.1473541,1382.1,1994-05-01,387.6,3707.9923740000004
28,14.93,0.91,06-1994,0,6.1,0.0,2.5,0.2,10.36,12.30%,249.60651069999997,139.3044281,1479.6,1994-06-01,388.3,3737.582264
29,15.34,0.41,07-1994,0,6.1,0.0,2.8,0.3,10.35,-1.20%,223.2402728,137.6004486,1219.5,1994-07-01,384.0,3718.299988
30,14.5,-0.84,08-1994,0,6.0,-0.1,2.9,0.1,10.35,0.00%,214.0993645,146.0241241,1329.3,1994-08-01,385.8,3797.4769549999996
31,13.62,-0.88,09-1994,0,5.9,-0.1,3.0,0.1,10.43,9.70%,207.87527869999997,158.78514099999998,1252.1,1994-09-01,394.9,3880.598575
32,13.84,0.22,10-1994,0,5.8,-0.1,2.6,-0.4,10.38,-5.60%,198.7114033,167.1880646,1291.8,1994-10-01,383.9,3868.09904
33,14.14,0.3,11-1994,0,5.6,-0.2,2.7,0.1,10.48,12.20%,205.3948312,161.9867706,1197.9,1994-11-01,383.1,3792.4314310000004
34,13.43,-0.71,12-1994,0,5.5,-0.1,2.7,0.0,10.47,-1.10%,206.38241680000002,164.6217499,1218.9,1994-12-01,383.3,3770.3061869999997
35,14.0,0.57,01-1995,0,5.6,0.1,2.8,0.1,10.57,12.10%,202.50097580000002,156.213089,1031.5,1995-01-01,374.9,3872.456647
36,14.71,0.71,02-1995,0,5.4,-0.2,2.9,0.1,10.58,1.10%,203.6493311,154.420105,1128.7,1995-02-01,376.4,3953.7163219999998
37,14.68,-0.03,03-1995,0,5.4,0.0,2.9,0.0,10.5,-8.70%,209.34517350000002,150.3859863,1403.3,1995-03-01,392.0,4062.777811
38,15.84,1.16,04-1995,0,5.8,0.4,3.1,0.2,10.55,5.90%,211.27441040000002,148.978653,1216.0,1995-04-01,389.8,4230.660028
39,15.85,0.01,05-1995,0,5.6,-0.2,3.2,0.1,10.52,-3.40%,211.6418841,158.611557,1427.5,1995-05-01,384.3,4391.570934
40,15.02,-0.83,06-1995,0,5.6,0.0,3.0,-0.2,10.55,3.50%,216.6487133,169.9807892,1477.2,1995-06-01,387.1,4510.76001
41,14.01,-1.01,07-1995,0,5.7,0.1,2.8,-0.2,10.65,12.00%,226.91500980000004,190.0852814,1255.3,1995-07-01,383.4,4684.7579829999995
42,14.13,0.12,08-1995,0,5.7,0.0,2.6,-0.2,10.6,-5.50%,218.9224568,184.39329530000003,1365.2,1995-08-01,382.4,4639.268236
43,14.49,0.36,09-1995,0,5.6,-0.1,2.5,-0.1,10.66,7.00%,232.587885,193.6712799,1214.4,1995-09-01,384.0,4746.760034
44,13.68,-0.81,10-1995,0,5.5,-0.1,2.8,0.3,10.74,9.40%,240.99384590000003,203.79174799999998,1226.0,1995-10-01,382.7,4760.458163
45,14.03,0.35,11-1995,0,5.6,0.1,2.6,-0.2,10.69,-5.40%,249.7443134,204.0673218,1169.1,1995-11-01,387.8,4935.8113840000005
46,15.02,0.99,12-1995,0,5.6,0.0,2.5,-0.1,10.71,2.30%,263.9609521,208.924942,1202.6,1995-12-01,387.0,5136.1044679999995
47,15.43,0.41,01-1996,0,5.6,0.0,2.7,0.2,10.81,11.80%,270.11613660000006,196.4283017,1050.6,1996-01-01,405.6,5179.375
48,15.54,0.11,02-1996,0,5.5,-0.1,2.7,0.0,10.79,-2.20%,268.25580099999996,206.16696399999998,1237.9,1996-02-01,400.7,5518.732519
49,17.63,2.09,03-1996,0,5.5,0.0,2.8,0.1,10.8,1.10%,265.7753535,205.25712080000002,1404.4,1996-03-01,396.4,5612.240979
50,19.58,1.95,04-1996,0,5.6,0.1,2.9,0.1,10.86,6.90%,290.4190585,239.51621569999998,1359.3,1996-04-01,391.3,5579.864351
51,17.94,-1.64,05-1996,0,5.6,0.0,2.9,0.0,11.01,17.90%,295.51775610000004,248.59486830000003,1522.9,1996-05-01,390.6,5616.7077420000005
52,16.94,-1,06-1996,0,5.3,-0.3,2.8,-0.1,10.97,-4.30%,284.6083807,215.2260275,1404.2,1996-06-01,382.0,5671.508008
53,17.63,0.69,07-1996,0,5.5,0.2,3.0,0.2,11.02,5.60%,288.76542689999997,196.3869106,1317.3,1996-07-01,385.3,5496.263139
54,18.29,0.66,08-1996,0,5.1,-0.4,2.9,-0.1,11.06,4.40%,296.2986377,181.49701169999997,1333.4,1996-08-01,386.5,5685.498157999999
55,19.93,1.64,09-1996,0,5.2,0.1,3.0,0.1,11.09,3.30%,297.4929273,170.98052890000002,1231.4,1996-09-01,379.0,5804.008496
56,21.09,1.16,10-1996,0,5.2,0.0,3.0,0.0,11.14,5.50%,259.80390589999996,169.59598490000002,1296.6,1996-10-01,379.5,5996.210428
57,20.2,-0.89,11-1996,0,5.4,0.2,3.3,0.3,11.21,7.80%,255.279386,169.26582439999999,1146.4,1996-11-01,371.3,6318.36355
58,21.34,1.14,12-1996,0,5.4,0.0,3.3,0.0,11.23,2.20%,257.1626887,167.8310717,1151.8,1996-12-01,369.3,6435.869094
59,21.76,0.42,01-1997,0,5.3,-0.1,3.0,-0.3,11.19,-4.20%,268.0950313,167.7907526,1114.6,1997-01-01,345.5,6707.030473
60,19.38,-2.38,02-1997,0,5.2,-0.1,3.0,0.0,11.26,7.80%,280.5432028,164.17070269999996,1177.4,1997-02-01,358.6,6917.457365
61,17.83,-1.55,03-1997,0,5.2,0.0,2.8,-0.2,11.34,8.90%,305.875921,167.7085929,1425.9,1997-03-01,348.2,6901.116553
62,16.63,-1.2,04-1997,0,5.1,-0.1,2.5,-0.3,11.26,-8.10%,313.3631977,175.56792,1310.3,1997-04-01,340.2,6657.490011999999
63,17.23,0.6,05-1997,0,4.9,-0.2,2.2,-0.3,11.51,30.10%,319.8399216,168.402905,1435.8,1997-05-01,345.6,7242.320522
64,15.88,-1.35,06-1997,0,5.0,0.1,2.3,0.1,11.4,-10.90%,304.7734999,141.2006619,1355.0,1997-06-01,334.6,7599.606166
65,15.89,0.01,07-1997,0,4.9,-0.1,2.2,-0.1,11.5,11.00%,281.1633147,130.4080657,1376.6,1997-07-01,326.4,7990.647217
66,16.19,0.3,08-1997,0,4.8,-0.1,2.2,0.0,11.6,10.90%,267.5897549,139.3459816,1348.2,1997-08-01,325.4,7948.4218980000005
67,16.41,0.22,09-1997,0,4.9,0.1,2.2,0.0,11.63,3.10%,255.2104847,138.23969499999998,1238.5,1997-09-01,332.1,7866.5857049999995
68,17.66,1.25,10-1997,0,4.7,-0.2,2.1,-0.1,11.63,0.00%,250.75486600000002,136.20717480000002,1282.0,1997-10-01,311.4,7875.817404
69,16.83,-0.83,11-1997,0,4.6,-0.1,1.8,-0.3,11.7,7.50%,265.4308469,135.3820398,1146.1,1997-11-01,296.8,7677.351049
70,15.04,-1.79,12-1997,0,4.7,0.1,1.7,-0.1,11.68,-2.00%,254.5903728,129.7291066,1287.7,1997-12-01,290.2,7909.824019
71,13.45,-1.59,01-1998,0,4.6,-0.1,1.6,-0.1,11.77,9.60%,246.000675,127.35020829999999,1044.1,1998-01-01,304.9,7808.348022
72,12.17,-1.28,02-1998,0,4.6,0.0,1.4,-0.2,11.71,-5.90%,247.42463560000002,128.308884,1173.0,1998-02-01,297.4,8323.605751000001
73,11.15,-1.02,03-1998,0,4.7,0.1,1.4,0.0,11.88,18.90%,240.1210958,128.2353967,1405.5,1998-03-01,301.0,8709.474476000001
74,11.28,0.13,04-1998,0,4.3,-0.4,1.4,0.0,11.91,3.10%,235.09129959999999,118.197695,1390.9,1998-04-01,310.7,9037.439081
75,11.13,-0.15,05-1998,0,4.4,0.1,1.7,0.3,11.89,-2.00%,236.14778650000002,118.3496006,1543.9,1998-05-01,293.6,9080.072168
76,10.0,-1.13,06-1998,0,4.5,0.1,1.7,0.0,11.92,3.10%,231.11799019999998,112.36881329999999,1606.6,1998-06-01,296.3,8872.960405
77,10.44,0.44,07-1998,0,4.5,0.0,1.7,0.0,12.02,10.50%,232.4271153,106.62053540000001,1264.9,1998-07-01,288.9,9097.137340000001
78,10.2,-0.24,08-1998,0,4.5,0.0,1.6,-0.1,12.0,-2.00%,202.24833759999999,97.00328,1265.1,1998-08-01,273.4,8478.518090000001
79,11.29,1.09,09-1998,0,4.6,0.1,1.5,-0.1,12.06,6.20%,193.3371004,97.57113667,1314.4,1998-09-01,293.9,7909.793387000001
80,11.32,0.03,10-1998,0,4.5,-0.1,1.5,0.0,12.22,17.10%,200.7554757,112.1556683,1407.5,1998-10-01,292.3,8164.471812999999
81,9.64,-1.68,11-1998,0,4.4,-0.1,1.5,0.0,12.26,4.00%,209.89638399999998,115.61132260000001,1176.4,1998-11-01,294.7,9005.751563
82,8.03,-1.61,12-1998,0,4.4,0.0,1.6,0.1,12.31,5.00%,204.912522,111.8045875,1375.0,1998-12-01,287.8,9018.679954000001
83,8.57,0.54,01-1999,0,4.3,-0.1,1.7,0.1,12.29,-1.90%,195.0366663,111.8932135,1123.7,1999-01-01,285.4,9345.857319
84,8.6,0.03,02-1999,0,4.4,0.1,1.6,-0.1,12.32,3.00%,179.6716722,104.278526,1325.7,1999-02-01,287.1,9322.944182
85,10.76,2.16,03-1999,0,4.2,-0.2,1.7,0.1,12.41,9.10%,175.0552838,104.5756704,1580.2,1999-03-01,279.5,9753.633915999999
86,12.82,2.06,04-1999,0,4.3,0.1,2.3,0.6,12.48,7.00%,177.5357313,102.33111170000001,1451.7,1999-04-01,286.6,10443.499440000001
87,13.92,1.1,05-1999,0,4.2,-0.1,2.1,-0.2,12.47,-1.00%,171.44944819999998,99.61033063,1632.6,1999-05-01,268.6,10853.866109999999
88,14.39,0.47,06-1999,0,4.3,0.1,2.0,-0.1,12.51,3.90%,170.0025205,99.94277333,1651.4,1999-06-01,261.0,10704.017670000001
89,16.12,1.73,07-1999,0,4.3,0.0,2.1,0.1,12.51,0.00%,158.3122634,93.01396762,1529.0,1999-07-01,255.6,11052.21717
90,17.58,1.46,08-1999,0,4.2,-0.1,2.3,0.2,12.62,11.10%,172.00065869999997,98.02208167,1523.6,1999-08-01,254.8,10935.47319
91,20.03,2.45,09-1999,0,4.2,0.0,2.6,0.3,12.66,3.90%,180.6362907,94.79866,1442.5,1999-09-01,299.0,10714.03432
92,19.71,-0.32,10-1999,0,4.1,-0.1,2.6,0.0,12.71,4.80%,178.1788103,88.55223667,1396.8,1999-10-01,299.1,10396.88286
93,21.35,1.64,11-1999,0,4.1,0.0,2.6,0.0,12.78,6.80%,171.19681,91.67544833,1317.2,1999-11-01,291.4,10809.79897
94,22.55,1.2,12-1999,0,4.0,-0.1,2.7,0.1,12.86,7.80%,169.95658630000003,90.43734652,1440.6,1999-12-01,290.3,11246.35902
95,23.53,0.98,01-2000,0,4.0,0.0,2.7,0.0,13.0,13.90%,180.38365249999998,93.62286267,1239.3,2000-01-01,283.3,11281.26294
96,25.48,1.95,02-2000,0,4.1,0.1,3.2,0.5,12.86,-12.20%,185.75795540000001,98.16682944,1539.3,2000-02-01,293.7,10541.92949
97,26.19,0.71,03-2000,0,4.0,-0.1,3.8,0.6,12.92,5.70%,190.9714885,96.39621072,1713.0,2000-03-01,276.8,10483.3905
98,23.2,-2.99,04-2000,0,3.8,-0.2,3.1,-0.7,12.99,6.70%,197.10370580000003,94.43122333,1538.9,2000-04-01,275.1,10944.31039
99,25.58,2.38,05-2000,0,4.0,0.2,3.2,0.1,13.16,16.90%,200.87031130000003,99.11204696,1664.9,2000-05-01,272.3,10580.26775
100,27.62,2.04,06-2000,0,4.0,0.0,3.7,0.5,13.14,-1.80%,186.9522449,103.366615,1662.7,2000-06-01,288.2,10582.92591
101,26.81,-0.81,07-2000,0,4.0,0.0,3.7,0.0,13.18,3.70%,169.4972441,97.12575889,1468.6,2000-07-01,276.8,10662.96299
102,27.91,1.1,08-2000,0,4.1,0.1,3.4,-0.3,13.1,-7.00%,167.8665796,96.65181884,1578.8,2000-08-01,277.0,11014.5121
103,29.72,1.81,09-2000,0,3.9,-0.2,3.5,0.1,13.21,10.60%,180.4525538,103.4421702,1506.3,2000-09-01,273.7,10967.86753
104,29.65,-0.07,10-2000,0,3.9,0.0,3.4,-0.1,13.23,1.80%,173.6083561,107.775855,1367.7,2000-10-01,264.5,10440.964090000001
105,30.36,0.71,11-2000,0,3.9,0.0,3.4,0.0,13.28,4.60%,177.1912247,105.0367817,1260.9,2000-11-01,269.1,10666.06385
106,24.46,-5.9,12-2000,0,3.9,0.0,3.4,0.0,13.26,-1.80%,185.96465930000002,113.7400202,1271.2,2000-12-01,274.5,10652.512009999999
107,24.64,0.18,01-2001,0,4.2,0.3,3.7,0.3,13.24,-1.80%,175.4227575,109.479425,1196.3,2001-01-01,264.5,10682.74093
108,25.27,0.63,02-2001,0,4.2,0.0,3.5,-0.2,13.25,0.90%,167.45317169999998,103.3231907,1381.5,2001-02-01,266.7,10774.57468
109,22.98,-2.29,03-2001,1,4.3,0.1,2.9,-0.6,13.22,-2.70%,164.3755794,105.57123500000002,1627.8,2001-03-01,257.7,10081.31951
110,23.39,0.41,04-2001,1,4.4,0.1,3.3,0.4,13.19,-2.70%,158.6108358,106.1542027,1377.0,2001-04-01,263.2,10234.51597
111,24.06,0.67,05-2001,1,4.3,-0.1,3.6,0.3,13.29,9.50%,163.8703031,110.77416720000001,1635.2,2001-05-01,267.5,11004.95637
112,23.43,-0.63,06-2001,1,4.5,0.2,3.2,-0.4,13.35,5.60%,170.2321915,109.42613870000001,1652.2,2001-06-01,270.6,10767.198059999999
113,22.82,-0.61,07-2001,1,4.6,0.1,2.7,-0.5,13.26,-7.80%,186.6536725,108.34371170000001,1374.6,2001-07-01,265.9,10444.50042
114,23.08,0.26,08-2001,1,4.9,0.3,2.7,0.0,13.21,-4.40%,182.74926440000002,104.2242093,1478.2,2001-08-01,273.0,10314.68262
115,22.37,-0.71,09-2001,1,5.0,0.1,2.6,-0.1,13.36,14.50%,172.34516530000002,103.176216,1312.5,2001-09-01,293.1,9042.560547
116,18.73,-3.64,10-2001,1,5.3,0.3,2.1,-0.5,13.16,-16.60%,160.63194109999998,104.83127859999999,1753.2,2001-10-01,278.8,9220.750977
117,16.4,-2.33,11-2001,1,5.5,0.2,1.9,-0.2,13.26,9.50%,162.561178,106.80159109999998,1347.9,2001-11-01,275.5,9721.819522
118,15.54,-0.86,12-2001,0,5.7,0.2,1.6,-0.3,13.19,-6.20%,160.1496319,104.3703852,1336.1,2001-12-01,276.5,9979.881933
119,15.89,0.35,01-2002,0,5.7,0.0,1.1,-0.5,13.39,19.80%,160.0577635,106.1891967,1129.999,2002-01-01,282.3,9923.802409
120,16.93,1.04,02-2002,0,5.7,0.0,1.1,0.0,13.43,3.60%,160.19556609999998,103.837602,1328.755,2002-02-01,296.9,9891.046824
121,20.28,3.35,03-2002,0,5.7,0.0,1.5,0.4,13.35,-6.90%,168.6933954,102.5515737,1541.215,2002-03-01,301.4,10500.95059
122,22.52,2.24,04-2002,0,5.9,0.2,1.6,0.1,13.41,5.50%,171.35757969999997,104.8029583,1471.8010000000002,2002-04-01,308.2,10165.18275
123,23.51,0.99,05-2002,0,5.8,-0.1,1.2,-0.4,13.46,4.60%,176.6400142,104.0964052,1538.496,2002-05-01,326.6,10080.484059999999
124,22.59,-0.92,06-2002,0,5.8,0.0,1.1,-0.1,13.46,0.00%,185.3675145,115.41185700000001,1563.9379999999999,2002-06-01,318.5,9492.435987
125,23.51,0.92,07-2002,0,5.8,0.0,1.5,0.4,13.51,4.50%,209.0925353,132.6446367,1551.996,2002-07-01,304.7,8616.522794
126,24.76,1.25,08-2002,0,5.7,-0.1,1.8,0.3,13.59,7.30%,208.2197853,149.61353,1734.9560000000001,2002-08-01,312.8,8685.480379999999
127,26.08,1.32,09-2002,0,5.7,0.0,1.5,-0.3,13.51,-6.80%,208.2197853,173.3426217,1250.986,2002-09-01,323.7,8160.77605
128,25.29,-0.79,10-2002,0,5.7,0.0,2.0,0.5,13.52,0.90%,200.08942969999998,180.0439667,1331.09,2002-10-01,316.9,8048.121773000001
129,23.38,-1.91,11-2002,0,5.9,0.2,2.2,0.2,13.5,-1.80%,210.21792349999998,164.27918400000001,1227.557,2002-11-01,319.1,8625.724462999999
130,25.29,1.91,12-2002,0,6.0,0.1,2.4,0.2,13.54,3.60%,208.2427524,149.1959883,1467.7079999999999,2002-12-01,347.2,8526.659505
131,28.42,3.13,01-2003,0,5.8,-0.2,2.6,0.2,13.63,8.30%,208.6735963,140.4832856,1108.279,2003-01-01,367.5,8474.585705
132,31.85,3.43,02-2003,0,5.9,0.1,3.0,0.4,13.61,-1.70%,209.61313909999998,141.6565044,1237.619,2003-02-01,347.5,7916.183671
133,30.1,-1.75,03-2003,0,5.9,0.0,3.0,0.0,13.68,6.30%,210.22208080000001,129.2458475,1474.819,2003-03-01,334.9,7977.73477
134,25.45,-4.65,04-2003,0,6.0,0.1,2.2,-0.8,13.62,-5.10%,221.7088613,126.0482737,1436.733,2003-04-01,336.8,8332.086286
135,24.95,-0.5,05-2003,0,6.1,0.1,2.1,-0.1,13.69,6.30%,232.41265099999998,131.0524111,1601.145,2003-05-01,361.4,8623.414667000001
136,26.84,1.89,06-2003,0,6.3,0.2,2.1,0.0,13.7,0.90%,229.77497830000001,118.1571338,1502.328,2003-06-01,346.0,9098.072823999999
137,27.52,0.68,07-2003,0,6.2,-0.1,2.1,0.0,13.87,15.90%,214.0320525,115.77595330000001,1538.781,2003-07-01,354.8,9154.394576
138,27.94,0.42,08-2003,0,6.1,-0.1,2.2,0.1,13.91,3.50%,208.2186743,133.4844919,1656.1670000000001,2003-08-01,375.6,9284.778553
139,25.23,-2.71,09-2003,0,6.1,0.0,2.3,0.1,13.99,7.10%,231.6996483,130.6499805,1329.499,2003-09-01,388.0,9492.537109
140,26.53,1.3,10-2003,0,6.0,-0.1,2.0,-0.3,14.07,7.10%,268.9878473,130.0566045,1333.497,2003-10-01,386.3,9682.45873
141,27.21,0.68,11-2003,0,5.8,-0.2,1.8,-0.2,14.08,0.90%,279.72108560000004,141.347084,1285.36,2003-11-01,398.4,9762.200606999999
142,28.53,1.32,12-2003,0,5.7,-0.1,1.9,0.1,14.16,7.00%,283.1853661,145.0674954,1463.264,2003-12-01,416.3,10124.65905
143,30.35,1.82,01-2004,0,5.7,0.0,1.9,0.0,14.2,3.40%,300.8987523,147.2896124,1149.6680000000001,2004-01-01,399.8,10540.04697
144,31.21,0.86,02-2004,0,5.6,-0.1,1.7,-0.2,14.11,-7.30%,316.5518102,141.7338595,1303.718,2004-02-01,395.9,10601.49897
145,32.86,1.65,03-2004,0,5.8,0.2,1.7,0.0,14.23,10.70%,360.6753604,142.548725,1540.3210000000001,2004-03-01,423.7,10323.72826
146,33.2,0.34,04-2004,0,5.6,-0.2,2.3,0.6,14.32,7.90%,363.5045493,146.06482350000002,1455.6429999999998,2004-04-01,388.5,10418.40425
147,35.73,2.53,05-2004,0,5.6,0.0,3.1,0.8,14.27,-4.10%,347.8709798,143.1842674,1660.854,2004-05-01,393.3,10083.805470000001
148,34.53,-1.2,06-2004,0,5.6,0.0,3.3,0.2,14.4,11.50%,320.2296963,136.86140980000002,1480.7579999999998,2004-06-01,395.8,10364.90095
149,36.54,2.01,07-2004,0,5.5,-0.1,3.0,-0.3,14.31,-7.20%,289.785314,132.387431,1589.1729999999998,2004-07-01,391.4,10152.08757
150,40.1,3.56,08-2004,0,5.4,-0.1,2.7,-0.3,14.44,11.50%,225.7900365,122.05578,1463.4089999999999,2004-08-01,407.3,10032.80136
151,40.56,0.46,09-2004,0,5.4,0.0,2.5,-0.2,14.47,2.50%,206.447103,126.82076550000001,1470.0810000000001,2004-09-01,415.7,10204.67053
152,46.14,5.58,10-2004,0,5.5,0.1,3.2,0.7,14.49,1.70%,193.4337093,123.05628940000001,1370.0929999999998,2004-10-01,425.6,10001.6024
153,42.85,-3.29,11-2004,0,5.4,-0.1,3.5,0.3,14.58,7.70%,195.81767549999998,127.1330867,1231.197,2004-11-01,453.4,10411.75619
154,38.22,-4.63,12-2004,0,5.4,0.0,3.3,-0.2,14.59,0.80%,198.59095,123.554573,1583.6029999999998,2004-12-01,435.6,10673.384059999998
155,40.18,1.96,01-2005,0,5.3,-0.1,3.0,-0.3,14.65,5.00%,195.6647955,122.7789622,1095.851,2005-01-01,422.2,10539.51304
156,42.19,2.01,02-2005,0,5.4,0.1,3.0,0.0,14.78,11.20%,197.5892468,123.12996090000001,1286.0739999999998,2005-02-01,435.5,10723.81579
157,47.56,5.37,03-2005,0,5.2,-0.2,3.1,0.1,14.75,-2.40%,233.1805307,129.95566829999999,1615.983,2005-03-01,427.5,10682.09313
158,47.26,-0.3,04-2005,0,5.2,0.0,3.5,0.4,14.78,2.50%,228.76452650000002,120.0643051,1542.0510000000002,2005-04-01,435.7,10283.18606
159,44.03,-3.23,05-2005,0,5.1,-0.1,2.8,-0.7,14.81,2.50%,233.462471,119.1544619,1537.3210000000001,2005-05-01,414.5,10377.17908
160,49.83,5.8,06-2005,0,5.0,-0.1,2.5,-0.3,14.78,-2.40%,254.74240189999998,122.4733217,1720.006,2005-06-01,437.1,10486.68235
161,53.35,3.52,07-2005,0,5.0,0.0,3.2,0.7,14.93,12.90%,253.34781150000003,130.1644392,1845.713,2005-07-01,429.0,10545.37588
162,58.9,5.55,08-2005,0,4.9,-0.1,3.6,0.4,14.95,1.60%,230.42693169999998,131.5583022,1524.158,2005-08-01,433.3,10554.2717
163,59.64,0.74,09-2005,0,5.0,0.1,4.7,1.1,15.0,4.10%,212.0155233,137.38631940000002,1366.93,2005-09-01,473.3,10532.54432
164,56.99,-2.65,10-2005,0,5.0,0.0,4.3,-0.4,14.96,-3.20%,211.16691880000002,143.0728392,1184.16,2005-10-01,470.8,10324.31329
165,53.2,-3.79,11-2005,0,5.0,0.0,3.5,-0.8,14.99,2.40%,210.9000895,136.35399730000003,1200.786,2005-11-01,495.7,10695.24949
166,53.24,0.04,12-2005,0,4.9,-0.1,3.4,-0.1,15.02,2.40%,216.54287200000002,139.99337,1525.713,2005-12-01,513.0,10827.794740000001
167,57.85,4.61,01-2006,0,4.7,-0.2,4.0,0.6,15.19,14.50%,214.00908769999998,144.5679565,1176.162,2006-01-01,568.8,10872.48208
168,55.69,-2.16,02-2006,0,4.8,0.1,3.6,-0.4,15.24,4.00%,214.3656466,158.8873502,1298.13,2006-02-01,556.0,10971.18622
169,55.64,-0.05,03-2006,0,4.7,-0.1,3.4,-0.2,15.22,-1.60%,212.71407200000002,155.7931467,1576.6470000000002,2006-03-01,582.0,11144.45002
170,62.52,6.88,04-2006,0,4.7,0.0,3.5,0.1,15.35,10.70%,208.90243859999998,161.2080028,1489.8039999999999,2006-04-01,644.0,11234.675220000001
171,64.4,1.88,05-2006,0,4.6,-0.1,4.2,0.7,15.26,-6.80%,217.3556872,176.6034233,1533.7120000000002,2006-05-01,653.0,11333.8782
172,64.65,0.25,06-2006,0,4.6,0.0,4.3,0.1,15.33,5.60%,216.5039014,176.920755,1545.2679999999998,2006-06-01,613.5,10997.965470000001
173,67.71,3.06,07-2006,0,4.7,0.1,4.1,-0.2,15.32,-0.80%,217.25171919999997,181.3483668,1531.114,2006-07-01,632.5,11032.52588
174,67.21,-0.5,08-2006,0,4.7,0.0,3.8,-0.3,15.27,-3.80%,203.8436635,165.1293783,1530.014,2006-08-01,623.5,11257.3539
175,59.37,-7.84,09-2006,0,4.5,-0.2,2.1,-1.7,15.33,4.80%,199.3070147,164.94231969999998,1394.215,2006-09-01,599.3,11533.59907
176,53.26,-6.11,10-2006,0,4.4,-0.1,1.3,-0.8,15.39,4.80%,217.8859656,182.432305,1260.626,2006-10-01,603.8,11963.115409999999
177,52.42,-0.84,11-2006,0,4.5,0.1,2.0,0.7,15.39,0.00%,244.00003930000003,182.30107759999999,1236.5839999999998,2006-11-01,646.7,12185.1542
178,55.03,2.61,12-2006,0,4.4,-0.1,2.5,0.5,15.5,8.90%,243.30759550000002,179.5295553,1476.4129999999998,2006-12-01,632.0,12377.61846
179,49.32,-5.71,01-2007,0,4.6,0.2,2.1,-0.4,15.48,-1.50%,255.8673795,172.5666305,1124.2160000000001,2007-01-01,650.5,12512.89097
180,52.94,3.62,02-2007,0,4.5,-0.1,2.4,0.3,15.46,-1.50%,278.038611,175.26729,1285.136,2007-02-01,664.2,12631.47733
181,54.95,2.01,03-2007,0,4.4,-0.1,2.8,0.4,15.56,8.00%,276.9598142,173.313195,1574.8770000000002,2007-03-01,661.8,12268.5336
182,58.2,3.25,04-2007,0,4.5,0.1,2.6,-0.2,15.46,-7.40%,270.3922953,178.55584819999999,1365.965,2007-04-01,677.0,12754.803999999998
183,58.9,0.7,05-2007,0,4.4,-0.1,2.7,0.1,15.58,9.70%,283.2062432,178.0063633,1590.2620000000002,2007-05-01,659.1,13407.7559
184,62.35,3.45,06-2007,0,4.6,0.2,2.7,0.0,15.58,0.00%,302.8293275,206.51690369999997,1481.21,2007-06-01,650.5,13480.212940000001
185,69.23,6.88,07-2007,0,4.7,0.1,2.4,-0.3,15.59,0.80%,313.476252,222.0017346,1331.024,2007-07-01,665.5,13677.894769999999
186,67.77,-1.46,08-2007,0,4.6,-0.1,2.0,-0.4,15.54,-3.80%,309.0065292,240.6869922,1500.386,2007-08-01,672.0,13239.71221
187,73.27,5.5,09-2007,0,4.7,0.1,2.8,0.8,15.72,14.80%,347.5615591,297.9524591,1335.8139999999999,2007-09-01,743.0,13557.686269999998
188,79.32,6.05,10-2007,0,4.7,0.0,3.5,0.7,15.74,1.50%,358.40284249999996,303.63049069999994,1256.5330000000001,2007-10-01,789.5,13901.2804
189,87.16,7.84,11-2007,0,4.7,0.0,4.3,0.8,15.73,-0.80%,389.0151753,286.49561810000006,1200.511,2007-11-01,783.5,13200.577659999999
190,85.28,-1.88,12-2007,1,5.0,0.3,4.1,-0.2,15.76,2.30%,423.0807407,339.2256959,1414.1470000000002,2007-12-01,833.8,13407.02505
191,87.06,1.78,01-2008,1,5.0,0.0,4.3,0.2,15.8,3.10%,461.7152103,336.1170651,1063.4080000000001,2008-01-01,923.3,12538.1224
192,89.41,2.35,02-2008,1,4.9,-0.1,4.0,-0.3,15.82,1.50%,508.2158936000001,393.8737348,1196.431,2008-02-01,971.5,12419.56743
193,98.44,9.03,03-2008,1,5.1,0.2,4.0,0.0,15.59,-16.10%,495.69088489999996,403.81289669999995,1378.605,2008-03-01,933.5,12193.87705
194,106.64,8.2,04-2008,1,5.0,-0.1,3.9,-0.1,15.61,1.60%,482.7913409,326.85161669999997,1272.999,2008-04-01,871.0,12656.773220000001
195,118.55,11.91,05-2008,1,5.4,0.4,4.2,0.3,15.66,3.90%,489.0892668000001,288.4202863,1420.485,2008-05-01,885.8,12812.4814
196,127.47,8.92,06-2008,1,5.6,0.2,5.0,0.8,15.69,2.30%,552.4721493,314.15835,1212.54,2008-06-01,930.3,12056.66518
197,128.08,0.61,07-2008,1,5.8,0.2,5.6,0.6,15.91,18.20%,554.1492764999999,299.42748,1156.003,2008-07-01,918.0,11322.37549
198,112.83,-15.25,08-2008,1,6.1,0.3,5.4,-0.2,15.78,-9.40%,471.06735679999997,304.1640727,1269.113,2008-08-01,833.0,11530.76563
199,98.5,-14.33,09-2008,1,6.1,0.0,4.9,-0.5,15.71,-5.20%,433.38319299999995,263.0496594,984.592,2008-09-01,884.5,11114.08245
200,73.18,-25.32,10-2008,1,6.5,0.4,3.7,-1.2,15.52,-13.60%,338.7849018,202.774935,859.0260000000001,2008-10-01,730.8,9176.714398
201,53.67,-19.51,11-2008,1,6.8,0.3,1.1,-2.6,15.4,-8.90%,329.1365274,194.11462959999997,763.936,2008-11-01,814.5,8614.554148000001
202,36.8,-16.87,12-2008,1,7.3,0.5,0.1,-1.0,15.42,1.60%,318.8142288,188.8449497,916.12,2008-12-01,869.8,8595.557262
203,35.0,-1.8,01-2009,1,7.8,0.5,0.0,-0.1,15.16,-18.50%,364.7179662,211.2760833,670.466,2009-01-01,919.5,8396.201367
204,34.14,-0.86,02-2009,1,8.3,0.5,0.2,0.2,15.2,3.20%,341.27161780000006,195.22490259999998,701.635,2009-02-01,952.0,7690.492084999999
205,42.45,8.31,03-2009,1,8.7,0.4,-0.4,-0.6,15.15,-3.90%,333.6578485,199.10056830000002,872.8480000000001,2009-03-01,916.5,7235.466375
206,45.19,2.74,04-2009,1,9.0,0.3,-0.7,-0.3,15.12,-2.40%,374.46641980000004,200.8876467,832.5880000000001,2009-04-01,883.3,7992.121466
207,52.67,7.48,05-2009,1,9.4,0.4,-1.3,-0.6,15.12,0.00%,422.3550526000001,227.186091,938.41,2009-05-01,975.5,8398.368506
208,63.09,10.42,06-2009,1,9.5,0.1,-1.4,-0.1,15.14,1.60%,445.10817130000004,227.31469380000001,874.8739999999999,2009-06-01,934.5,8592.996804
209,60.44,-2.65,07-2009,0,9.5,0.0,-2.1,-0.7,15.14,0.00%,398.08876160000005,195.3259917,1011.7689999999999,2009-07-01,939.0,8679.745961
210,65.28,4.84,08-2009,0,9.6,0.1,-1.5,0.6,15.13,-0.80%,408.957381,179.55405109999998,1274.678,2009-08-01,955.5,9375.061989
211,65.28,0,09-2009,0,9.8,0.2,-1.3,0.2,15.22,7.40%,349.0520273,156.9304506,759.633,2009-09-01,995.8,9634.971029
212,69.82,4.54,10-2009,0,10.0,0.2,-0.2,1.1,15.22,0.00%,354.864809,163.7264383,853.942,2009-10-01,1040.0,9857.34375
213,71.99,2.17,11-2009,0,9.9,-0.1,1.8,2.0,15.42,17.00%,370.70718930000004,177.6072814,761.865,2009-11-01,1175.8,10227.55449
214,70.42,-1.57,12-2009,0,9.9,0.0,2.7,0.9,15.36,-4.60%,379.2993695,171.1554987,1049.27,2009-12-01,1087.5,10433.4427
215,72.87,2.45,01-2010,0,9.8,-0.1,2.6,-0.1,15.28,-6.10%,358.9666102,167.8218628,712.4689999999999,2010-01-01,1078.5,10471.2353
216,72.74,-0.13,02-2010,0,9.8,0.0,2.1,-0.5,15.36,6.50%,344.66074069999996,160.1615604,793.362,2010-02-01,1108.3,10214.50627
217,75.77,3.03,03-2010,0,9.9,0.1,2.3,0.2,15.39,2.40%,348.9493275,156.46411799999998,1083.953,2010-03-01,1115.5,10677.51877
218,78.8,3.03,04-2010,0,9.9,0.0,2.2,-0.1,15.49,8.10%,357.63867999999997,156.8254687,997.334,2010-04-01,1179.3,11052.14765
219,70.91,-7.89,05-2010,0,9.6,-0.3,2.0,-0.2,15.55,4.70%,349.05137110000004,158.3284597,1117.57,2010-05-01,1207.5,10500.127
220,70.77,-0.14,06-2010,0,9.4,-0.2,1.1,-0.9,15.52,-2.30%,348.51399449999997,149.21268999999998,1000.455,2010-06-01,1244.0,10159.267179999999
221,71.37,0.6,07-2010,0,9.4,0.0,1.2,0.1,15.6,6.40%,370.9757683,182.7385022,1065.748,2010-07-01,1169.0,10222.24242
222,72.07,0.7,08-2010,0,9.5,0.1,1.1,-0.1,15.67,5.50%,379.46221089999995,219.8774417,1011.564,2010-08-01,1246.0,10350.39635
223,71.23,-0.84,09-2010,0,9.5,0.0,1.1,0.0,15.64,-2.30%,390.2312168,240.43218280000002,973.954,2010-09-01,1307.0,10598.06613
224,76.02,4.79,10-2010,0,9.4,-0.1,1.2,0.1,15.7,4.70%,427.1761323,234.59956319999998,965.135,2010-10-01,1346.8,11044.48531
225,79.2,3.18,11-2010,0,9.8,0.4,1.1,-0.1,15.75,3.90%,459.961136,241.84013330000002,888.085,2010-11-01,1383.5,11198.30664
226,83.98,4.78,12-2010,0,9.3,-0.5,1.5,0.4,15.7,-3.70%,483.755863,274.4568182,1162.897,2010-12-01,1405.5,11465.25732
227,85.66,1.68,01-2011,0,9.1,-0.2,1.6,0.1,15.8,7.90%,511.104867,295.9886068,836.3660000000001,2011-01-01,1327.0,11802.37046
228,86.69,1.03,02-2011,0,9.0,-0.1,2.1,0.5,15.65,-10.80%,512.0524677,317.6006514,1007.082,2011-02-01,1411.0,12190.00051
229,99.19,12.5,03-2011,0,9.0,0.0,2.7,0.6,15.64,-0.80%,498.7398132,285.3758111,1276.843,2011-03-01,1439.0,12081.47648
230,108.8,9.61,04-2011,0,9.1,0.1,3.2,0.5,15.85,17.40%,501.46883169999995,307.2544084,1173.52,2011-04-01,1535.5,12434.876559999999
231,102.46,-6.34,05-2011,0,9.0,-0.1,3.6,0.4,15.89,3.10%,498.76510779999995,307.1945503,1081.272,2011-05-01,1536.5,12579.992890000001
232,97.3,-5.16,06-2011,0,9.1,0.1,3.6,0.0,15.82,-5.20%,499.77277589999994,285.29787000000005,1071.229,2011-06-01,1505.5,12097.30948
233,97.82,0.52,07-2011,0,9.0,-0.1,3.6,0.0,15.77,-3.70%,501.82708279999997,271.46220930000004,1086.0639999999999,2011-07-01,1628.5,12512.32554
234,89.0,-8.82,08-2011,0,9.0,0.0,3.8,0.2,15.81,3.10%,501.42370080000006,288.6883083,1094.479,2011-08-01,1813.5,11326.61787
235,90.22,1.22,09-2011,0,9.0,0.0,3.9,0.1,15.89,6.20%,490.90895480000006,272.34055789999996,1076.037,2011-09-01,1620.0,11175.453870000001
236,92.28,2.06,10-2011,0,8.8,-0.2,3.5,-0.4,15.76,-9.40%,446.01602699999995,251.5891348,1048.258,2011-10-01,1722.0,11515.93094
237,100.18,7.9,11-2011,0,8.6,-0.2,3.4,-0.1,16.03,22.60%,428.8252245,244.53785019999998,1028.774,2011-11-01,1746.0,11804.32999
238,98.71,-1.47,12-2011,0,8.5,-0.1,3.0,-0.4,15.99,-3.00%,420.0461048,236.05968650000003,1268.462,2011-12-01,1531.0,12075.68285
239,98.99,0.28,01-2012,0,8.3,-0.2,2.9,-0.1,15.99,0.00%,441.7327614,243.7023692,938.17,2012-01-01,1744.0,12550.98652
240,102.04,3.05,02-2012,0,8.3,0.0,2.9,0.0,16.03,3.00%,461.55598760000004,245.9804765,1175.82,2012-02-01,1770.0,12889.049659999999
241,105.42,3.38,03-2012,0,8.2,-0.1,2.7,-0.2,16.27,19.50%,496.29047520000006,243.4935983,1434.004,2012-03-01,1662.5,13079.46502
242,103.62,-1.8,04-2012,0,8.2,0.0,2.3,-0.4,16.09,-12.50%,529.4216015,228.0863108,1204.471,2012-04-01,1651.3,13030.753859999999
243,95.57,-8.05,05-2012,0,8.2,0.0,1.7,-0.6,16.18,6.90%,520.9254559,228.87964,1369.493,2012-05-01,1558.0,12721.08456
244,83.59,-11.98,06-2012,0,8.2,0.0,1.7,0.0,16.22,3.00%,522.3291925,241.96579350000002,1310.1580000000001,2012-06-01,1598.5,12544.90481
245,86.1,2.51,07-2012,0,8.2,0.0,1.4,-0.3,16.19,-2.20%,609.4467555,310.7464381,1171.809,2012-07-01,1622.0,12814.09426
246,92.53,6.43,08-2012,0,8.1,-0.1,1.7,0.3,16.26,5.30%,622.9135497999999,315.5482191,1305.3419999999999,2012-08-01,1648.5,13135.123
247,95.98,3.45,09-2012,0,7.8,-0.3,2.0,0.3,16.18,-5.70%,615.1813973,316.6530516,1206.182,2012-09-01,1776.0,13418.49836
248,92.24,-3.74,10-2012,0,7.8,0.0,2.2,0.2,16.22,3.00%,565.5254818,318.4078349,1119.1480000000001,2012-10-01,1719.0,13380.64532
249,89.64,-2.6,11-2012,0,7.7,-0.1,1.8,-0.4,16.16,-4.30%,533.028608,319.45993619999996,1169.803,2012-11-01,1726.0,12896.43527
250,89.81,0.17,12-2012,0,7.9,0.2,1.7,-0.1,16.23,5.30%,534.7907746000001,303.0385561,1375.0839999999998,2012-12-01,1657.5,13144.1749
251,95.0,5.19,01-2013,0,8.0,0.1,1.6,-0.1,16.33,7.60%,526.0473049999999,288.2103225,1065.798,2013-01-01,1664.8,13615.32282
252,95.01,0.01,02-2013,0,7.7,-0.3,2.0,0.4,16.45,9.20%,536.3758301,271.67858870000003,1217.858,2013-02-01,1588.5,13967.32998
253,95.54,0.53,03-2013,0,7.5,-0.2,1.5,-0.5,16.32,-9.10%,536.0813971,263.341859,1479.4270000000001,2013-03-01,1598.3,14418.2581
254,94.41,-1.13,04-2013,0,7.6,0.1,1.1,-0.4,16.38,4.50%,517.7897151000001,264.1702617,1313.7679999999998,2013-04-01,1469.0,14675.909
255,94.75,0.34,05-2013,0,7.5,-0.1,1.4,0.3,16.39,0.70%,542.1992231,276.0451467,1473.275,2013-05-01,1394.5,15172.18049
256,93.82,-0.93,06-2013,0,7.5,0.0,1.8,0.4,16.36,-2.20%,560.1577065,266.8508792,1425.8020000000001,2013-06-01,1192.0,15035.754490000001
257,101.41,7.59,07-2013,0,7.3,-0.2,2.0,0.2,16.46,7.60%,548.3496175,257.4728933,1335.8329999999999,2013-07-01,1314.5,15390.203169999999
258,102.96,1.55,08-2013,0,7.2,-0.1,1.5,-0.5,16.49,2.20%,498.04832719999996,258.9259383,1527.483,2013-08-01,1394.8,15195.3477
259,102.32,-0.64,09-2013,0,7.2,0.0,1.2,-0.3,16.55,4.50%,503.2371222,257.499616,1152.8139999999999,2013-09-01,1326.5,15269.84097
260,96.18,-6.14,10-2013,0,7.2,0.0,1.0,-0.2,16.55,0.00%,472.8275169,278.1495567,1235.532,2013-10-01,1324.0,15289.2914
261,88.7,-7.48,11-2013,0,6.9,-0.3,1.2,0.2,16.63,6.00%,476.6622412,259.7777233,1271.4460000000001,2013-11-01,1253.0,15870.827980000002
262,91.85,3.15,12-2013,0,6.7,-0.2,1.5,0.3,16.7,5.20%,488.66933880000005,246.1125787,1383.6760000000002,2013-12-01,1204.5,16095.77474
263,89.57,-2.28,01-2014,0,6.6,-0.1,1.6,0.1,16.66,-2.80%,476.10211849999996,229.9803594,1043.019,2014-01-01,1251.0,16243.72233
264,96.86,7.29,02-2014,0,6.7,0.1,1.1,-0.5,16.56,-7.00%,496.7989975,242.79828160000002,1221.37,2014-02-01,1326.5,15958.44321
265,96.17,-0.69,03-2014,0,6.7,0.0,1.5,0.4,16.64,6.00%,522.0011238,275.61249399999997,1562.7479999999998,2014-03-01,1291.8,16308.6277
266,96.49,0.32,04-2014,0,6.2,-0.5,2.0,0.5,16.65,0.70%,547.1880553,276.3823613,1408.2320000000002,2014-04-01,1288.5,16399.50228
267,95.74,-0.75,05-2014,0,6.3,0.1,2.1,0.1,16.77,9.00%,546.0332533,287.9128738,1644.3670000000002,2014-05-01,1250.5,16567.25479
268,98.68,2.94,06-2014,0,6.1,-0.2,2.1,0.0,16.84,5.10%,528.0025948,261.6499006,1451.8139999999999,2014-06-01,1315.0,16843.75474
269,96.7,-1.98,07-2014,0,6.2,0.1,2.0,-0.1,16.91,5.10%,463.23367149999996,238.549905,1473.9620000000002,2014-07-01,1285.3,16988.26412
270,90.72,-5.98,08-2014,0,6.1,-0.1,1.7,-0.3,17.0,6.60%,432.98513629999997,229.1580011,1607.315,2014-08-01,1285.8,16775.1542
271,86.87,-3.85,09-2014,0,5.9,-0.2,1.7,0.0,17.1,7.30%,368.84988280000005,211.1711014,1272.036,2014-09-01,1216.5,17098.12677
272,78.84,-8.03,10-2014,0,5.7,-0.2,1.7,0.0,17.04,-4.10%,354.4409131,210.72492830000002,1312.329,2014-10-01,1164.3,16701.87063
273,71.07,-7.77,11-2014,0,5.8,0.1,1.3,-0.4,17.14,7.30%,379.34485960000006,215.9879182,1324.1170000000002,2014-11-01,1182.8,17648.97738
274,54.86,-16.21,12-2014,0,5.6,-0.2,0.8,-0.5,17.15,0.70%,378.78161739999996,234.8588367,1538.5339999999999,2014-12-01,1206.0,17754.2405
275,43.06,-11.8,01-2015,0,5.7,0.1,-0.1,-0.9,17.13,-1.40%,367.49211560000003,213.0214075,1177.91,2015-01-01,1260.3,17542.25488
276,44.35,1.29,02-2015,0,5.5,-0.2,0.0,0.1,17.26,9.50%,364.7392389,201.7420688,1285.147,2015-02-01,1214.0,17945.41201
277,42.66,-1.69,03-2015,0,5.4,-0.1,-0.1,-0.1,17.36,7.20%,359.59556039999995,202.6914267,1579.6270000000002,2015-03-01,1187.0,17931.745030000002
278,49.3,6.64,04-2015,0,5.4,0.0,-0.2,-0.1,17.22,-9.30%,356.9256773,195.93122830000001,1479.335,2015-04-01,1180.3,17970.51321
279,54.38,5.08,05-2015,0,5.6,0.2,0.0,0.2,17.4,13.30%,351.94953050000004,193.21657119999998,1668.4520000000002,2015-05-01,1191.4,18124.71309
280,55.88,1.5,06-2015,0,5.3,-0.3,0.1,0.1,17.38,-1.40%,354.8230548,199.8354417,1518.66,2015-06-01,1171.0,17927.218930000003
281,47.7,-8.18,07-2015,0,5.2,-0.1,0.2,0.1,17.44,4.20%,372.3472945,199.21748,1546.818,2015-07-01,1098.4,17795.0166
282,39.98,-7.72,08-2015,0,5.1,-0.1,0.2,0.0,17.44,0.00%,347.0223753,173.5175916,1598.265,2015-08-01,1135.0,17061.593240000002
283,41.6,1.62,09-2015,0,5.0,-0.1,0.0,-0.2,17.44,0.00%,323.554524,164.0692202,1474.925,2015-09-01,1114.0,16339.949869999999
284,42.34,0.74,10-2015,0,5.0,0.0,0.2,0.2,17.51,4.90%,327.4197704,165.4514819,1486.42,2015-10-01,1142.4,17182.28205
285,38.19,-4.15,11-2015,0,5.1,0.1,0.5,0.3,17.48,-2.00%,319.0822908,157.80437890000002,1358.777,2015-11-01,1061.9,17724.51367
286,32.26,-5.93,12-2015,0,5.0,-0.1,0.7,0.2,17.44,-2.70%,323.31533210000003,163.89345500000002,1671.2879999999998,2015-12-01,1060.0,17542.85494
287,27.02,-5.24,01-2016,0,4.9,-0.1,1.4,0.7,17.48,2.80%,323.20435380000004,164.6116267,1188.775,2016-01-01,1111.8,16305.25211
288,25.52,-1.5,02-2016,0,4.9,0.0,1.0,-0.4,17.51,2.10%,320.1294863,159.283795,1374.2720000000002,2016-02-01,1234.9,16299.89844
289,31.87,6.35,03-2016,0,5.0,0.1,0.9,-0.1,17.51,0.00%,326.9354216,164.0604717,1614.069,2016-03-01,1237.0,17302.14276
290,35.59,3.72,04-2016,0,5.0,0.0,1.1,0.2,17.66,10.80%,353.8024628,163.3868378,1524.1,2016-04-01,1285.7,17844.36589
291,41.02,5.43,05-2016,0,4.8,-0.2,1.0,-0.1,17.65,-0.70%,388.5121365,157.56034209999999,1552.6589999999999,2016-05-01,1212.1,17692.320030000003
292,43.96,2.94,06-2016,0,4.9,0.1,1.0,0.0,17.61,-2.70%,421.22894169999995,156.69503669999997,1548.86,2016-06-01,1320.8,17754.86781
293,40.71,-3.25,07-2016,0,4.8,-0.1,0.8,-0.2,17.66,3.50%,390.4018125,133.710203,1546.818,2016-07-01,1342.0,18341.182419999997
294,40.46,-0.25,08-2016,0,4.9,0.1,1.1,0.3,17.62,-2.70%,370.3165878,127.89991100000002,1539.79,2016-08-01,1309.3,18495.1875
295,40.55,0.09,09-2016,0,5.0,0.1,1.5,0.4,17.76,10.00%,355.90210279999997,123.24875619999999,1462.065,2016-09-01,1322.5,18267.403000000002
296,45.0,4.45,10-2016,0,4.9,-0.1,1.6,0.1,17.82,4.10%,358.38667680000003,122.55850020000001,1397.057,2016-10-01,1272.0,18184.54641
297,41.65,-3.35,11-2016,0,4.7,-0.2,1.7,0.1,17.73,-5.90%,368.3730895,122.5497977,1399.375,2016-11-01,1178.1,18697.32664
298,47.12,5.47,12-2016,0,4.7,0.0,2.1,0.4,17.86,9.20%,375.28877880000005,122.8463256,1717.933,2016-12-01,1145.9,19712.423740000002
299,48.19,1.07,01-2017,0,4.7,0.0,2.5,0.4,17.88,1.40%,379.58997880000004,137.1457358,1164.323,2017-01-01,1212.8,19908.15254
300,49.41,1.22,02-2017,0,4.6,-0.1,2.7,0.2,17.86,-1.30%,380.87262400000003,147.36144209999998,1352.076,2017-02-01,1255.6,20424.144119999997
301,46.39,-3.02,03-2017,0,4.4,-0.2,2.4,-0.3,17.91,3.40%,366.0950562,146.4314994,1582.674,2017-03-01,1244.9,20823.058
302,47.23,0.84,04-2017,0,4.4,0.0,2.2,-0.2,18.0,6.20%,347.8613104,138.4075907,1449.717,2017-04-01,1266.5,20684.69367
303,45.19,-2.04,05-2017,0,4.4,0.0,1.9,-0.3,17.88,-7.70%,350.1799873,146.4402133,1543.862,2017-05-01,1266.2,20936.81126
304,42.17,-3.02,06-2017,0,4.3,-0.1,1.6,-0.3,18.05,12.00%,339.7289099,157.2461917,1502.8039999999999,2017-06-01,1242.3,21317.79537
305,43.42,1.25,07-2017,0,4.3,0.0,1.7,0.1,18.13,5.50%,365.45284019999997,174.5324167,1441.011,2017-07-01,1267.6,21581.25098
306,44.96,1.54,08-2017,0,4.4,0.1,1.9,0.2,18.13,0.00%,345.4107494,139.0508151,1512.07,2017-08-01,1311.8,21914.07694
307,47.17,2.21,09-2017,0,4.2,-0.2,2.2,0.3,18.15,1.30%,353.8602029,138.41339230000003,1553.1329999999998,2017-09-01,1283.1,22173.413969999998
308,49.12,1.95,10-2017,0,4.1,-0.1,2.0,-0.2,18.21,4.00%,358.2761275,133.344516,1385.649,2017-10-01,1270.2,23036.237390000002
309,55.19,6.07,11-2017,0,4.2,0.1,2.2,0.2,18.23,1.30%,361.4092835,138.04595569999998,1424.527,2017-11-01,1280.2,23557.92941
310,56.98,1.79,12-2017,0,4.1,-0.1,2.1,-0.1,18.35,8.20%,357.15335699999997,147.1032695,1639.555,2017-12-01,1291.0,24545.38418
311,62.25,5.27,01-2018,0,4.1,0.0,2.1,0.0,18.38,2.00%,356.868812,156.38804409999997,1181.715,2018-01-01,1345.1,25804.01777
312,61.18,-1.07,02-2018,0,4.1,0.0,2.2,0.1,18.41,2.00%,371.2322374,172.2891191,1328.14,2018-02-01,1317.9,24981.54523
313,60.68,-0.5,03-2018,0,4.0,-0.1,2.4,0.2,18.45,2.60%,381.8938963,180.9188159,1687.609,2018-03-01,1323.9,24582.17039
314,63.5,2.82,04-2018,0,4.0,0.0,2.5,0.1,18.45,0.00%,381.26837850000004,180.3764094,1391.226,2018-04-01,1313.2,24304.21289
315,66.16,2.66,05-2018,0,3.8,-0.2,2.8,0.3,18.52,4.60%,374.8483713,192.70383,1626.484,2018-05-01,1305.4,24572.53223
316,62.8,-3.36,06-2018,0,4.0,0.2,2.9,0.1,18.66,9.50%,339.9579615,193.0792198,1586.664,2018-06-01,1250.5,24790.10835
317,67.0,4.2,07-2018,0,3.8,-0.2,2.9,0.0,18.61,-3.20%,312.5620338,196.8060775,1403.118,2018-07-01,1221.0,24978.23131
318,62.64,-4.36,08-2018,0,3.8,0.0,2.7,-0.2,18.74,8.70%,316.65880419999996,211.2920588,1527.4160000000002,2018-08-01,1202.5,25629.98828
319,63.54,0.9,09-2018,0,3.7,-0.1,2.3,-0.4,18.72,-1.30%,306.43278860000004,191.1444218,1474.997,2018-09-01,1187.3,26232.66797
320,65.18,1.64,10-2018,0,3.8,0.1,2.5,0.2,18.74,1.30%,315.8520403,188.46160669999998,1405.908,2018-10-01,1215.0,25609.34188
321,55.65,-9.53,11-2018,0,3.7,-0.1,2.2,-0.3,18.83,5.90%,322.2816173,181.5523909,1422.219,2018-11-01,1217.6,25258.67532
322,47.63,-8.02,12-2018,0,3.9,0.2,1.9,-0.3,18.75,-5.00%,330.48202369999996,188.5358363,1665.906,2018-12-01,1279.0,23805.54523
323,47.85,0.22,01-2019,0,4.0,0.1,1.6,-0.3,18.77,1.30%,333.7771463,188.8449497,1171.495,2019-01-01,1323.3,24157.79511
324,52.51,4.66,02-2019,0,3.8,-0.2,1.5,-0.1,19.0,15.70%,334.5030415,177.91670180000003,1288.278,2019-02-01,1319.2,25605.526830000003
325,57.47,4.96,03-2019,0,3.8,0.0,1.9,0.4,18.9,-6.10%,329.2366748,164.5066448,1642.746,2019-03-01,1295.4,25722.62119
326,63.01,5.54,04-2019,0,3.6,-0.2,2.0,0.1,18.88,-1.30%,324.254404,159.0300887,1372.6960000000001,2019-04-01,1282.3,26401.577380000002
327,59.68,-3.33,05-2019,0,3.6,0.0,1.8,-0.2,18.99,7.20%,305.31091910000004,158.28169499999998,1628.0739999999998,2019-05-01,1295.6,25744.78853
328,54.22,-5.46,06-2019,0,3.7,0.1,1.6,-0.2,19.03,2.60%,326.6147493,174.6977632,1554.747,2019-06-01,1409.0,26160.10088
329,56.47,2.25,07-2019,0,3.7,0.0,1.8,0.2,19.04,0.60%,325.469849,163.87675330000002,1443.9029999999998,2019-07-01,1427.6,27089.1867
330,53.63,-2.84,08-2019,0,3.7,0.0,1.7,-0.1,19.11,4.50%,314.6262821,149.36300500000002,1685.339,2019-08-01,1528.4,26057.728069999997
331,55.07,1.44,09-2019,0,3.5,-0.2,1.7,0.0,19.09,-1.20%,322.4535253,146.5704863,1315.6779999999999,2019-09-01,1485.3,26900.21396
332,53.14,-1.93,10-2019,0,3.6,0.1,1.8,0.1,19.16,4.50%,339.8712372,153.22109,1380.174,2019-10-01,1511.0,26736.79772
333,54.96,1.82,11-2019,0,3.5,-0.1,2.1,0.3,19.19,1.90%,332.9576305,157.52826430000002,1438.444,2019-11-01,1460.2,27797.046089999996
334,58.41,3.45,12-2019,0,3.5,0.0,2.3,0.2,19.22,1.90%,334.94944530000004,165.2546408,1558.43,2019-12-01,1514.8,28167.00577
335,56.86,-1.55,01-2020,0,3.6,0.1,2.5,0.2,19.26,2.50%,337.079705,178.2417773,1167.861,2020-01-01,1584.2,28879.99433
