Month,Year,Recession,Adj Month,Adj Year,Unemployment,UE M/M,Inflation Rate,Inflation M/M,GDP (Trillion),GDP Rate M/M,Soybean,Wheat,Car Sales (thousands)
1,1978,0,12,1977,6.4,0,6.8,0.3,,,,,931.3
2,1978,0,1,1978,6.3,-0.1,6.4,-0.4,,,,,1071.4
3,1978,0,2,1978,6.3,0,6.6,0.2,,,,,1480.6
4,1978,0,3,1978,6.1,-0.2,6.5,-0.1,,,,,1406.5
5,1978,0,4,1978,6,-0.1,7,0.5,,,,,1557.6
6,1978,0,5,1978,5.9,-0.1,7.4,0.4,,,,,1549.4
7,1978,0,6,1978,6.2,0.3,7.7,0.3,,,,,1289.2
8,1978,0,7,1978,5.9,-0.3,7.8,0.1,,,,,1317.1
9,1978,0,8,1978,6,0.1,8.3,0.5,,,,,1103.5
10,1978,0,9,1978,5.8,-0.2,8.9,0.6,,,,,1397
11,1978,0,10,1978,5.9,0.1,8.9,0,,,,,1248.7
12,1978,0,11,1978,6,0.1,9,0.1,,,,,1068.5
1,1979,0,12,1978,5.9,-0.1,9.3,0.3,,,,,1077.5
2,1979,0,1,1979,5.9,0,9.9,0.6,,,,,1148.7
3,1979,0,2,1979,5.8,-0.1,10.1,0.2,,,,,1483.8
4,1979,0,3,1979,5.8,0,10.5,0.4,,,,,1304.6
5,1979,0,4,1979,5.6,-0.2,10.9,0.4,,,,,1373
6,1979,0,5,1979,5.7,0.1,10.9,0,,,,,1183.8
7,1979,0,6,1979,5.7,0,11.3,0.4,,,,,1164.4
8,1979,0,7,1979,6,0.3,11.8,0.5,,,,,1207.2
9,1979,0,8,1979,5.9,-0.1,12.2,0.4,,,,,1029.6
10,1979,0,9,1979,6,0.1,12.1,-0.1,,,,,1197.6
11,1979,0,10,1979,5.9,-0.1,12.6,0.5,,,,,1018.6
12,1979,0,11,1979,6,0.1,13.3,0.7,,,,,959.7
1,1980,1,12,1979,6.3,0.3,13.9,0.6,,,,,1042
2,1980,1,1,1980,6.3,0,14.2,0.3,,,,,1038.7
3,1980,1,2,1980,6.3,0,14.8,0.6,,,,,1141.9
4,1980,1,3,1980,6.9,0.6,14.7,-0.1,,,,,946.6
5,1980,1,4,1980,7.5,0.6,14.4,-0.3,,,,,893.8
6,1980,1,5,1980,7.6,0.1,14.4,0,,,,,932.7
7,1980,1,6,1980,7.8,0.2,13.1,-1.3,,,,,1006.6
8,1980,0,7,1980,7.7,-0.1,12.9,-0.2,,,,,884.2
9,1980,0,8,1980,7.5,-0.2,12.6,-0.3,,,,,847.4
10,1980,0,9,1980,7.5,0,12.8,0.2,,,,,1043.4
11,1980,0,10,1980,7.5,0,12.6,-0.2,,,,,870.5
12,1980,0,11,1980,7.2,-0.3,12.5,-0.1,,,,,821.4
1,1981,0,12,1980,7.5,0.3,11.8,-0.7,,,,,814.3
2,1981,0,1,1981,7.4,-0.1,11.4,-0.4,,,,,949.2
3,1981,0,2,1981,7.4,0,10.5,-0.9,,,,,1178.8
4,1981,0,3,1981,7.2,-0.2,10,-0.5,,,,,962.9
5,1981,0,4,1981,7.5,0.3,9.8,-0.2,,,,,933.1
6,1981,0,5,1981,7.5,0,9.6,-0.2,,,,,942.7
7,1981,1,6,1981,7.2,-0.3,10.8,1.2,,,,,896.9
8,1981,1,7,1981,7.4,0.2,10.8,0,,,,,1009
9,1981,1,8,1981,7.6,0.2,11,0.2,,,,,864.8
10,1981,1,9,1981,7.9,0.3,10.1,-0.9,,,,,822
11,1981,1,10,1981,8.3,0.4,9.6,-0.5,,,,,743
12,1981,1,11,1981,8.5,0.2,8.9,-0.7,,,,,673.2
1,1982,1,12,1981,8.6,0.1,8.4,-0.5,,,,,714.4
2,1982,1,1,1982,8.9,0.3,7.6,-0.8,,,,,840.5
3,1982,1,2,1982,9,0.1,6.8,-0.8,,,,,1057.3
4,1982,1,3,1982,9.3,0.3,6.5,-0.3,,,,,877.2
5,1982,1,4,1982,9.4,0.1,6.7,0.2,,,,,1020.2
6,1982,1,5,1982,9.6,0.2,7.1,0.4,,,,,868.4
7,1982,1,6,1982,9.8,0.2,6.4,-0.7,,,,,827.4
8,1982,1,7,1982,9.8,0,5.9,-0.5,,,,,794
9,1982,1,8,1982,10.1,0.3,5,-0.9,,,,,891.1
10,1982,1,9,1982,10.4,0.3,5.1,0.1,,,,,840.9
11,1982,1,10,1982,10.8,0.4,4.6,-0.5,,,,,971.5
12,1982,0,11,1982,10.8,0,3.8,-0.8,,,,,839.3
1,1983,0,12,1982,10.4,-0.4,3.7,-0.1,,,,,789.3
2,1983,0,1,1983,10.4,0,3.5,-0.2,,,,,821.6
3,1983,0,2,1983,10.3,-0.1,3.6,0.1,,,,,1102
4,1983,0,3,1983,10.2,-0.1,3.9,0.3,,,,,1012.3
5,1983,0,4,1983,10.1,-0.1,3.5,-0.4,,,,,1109.9
6,1983,0,5,1983,10.1,0,2.6,-0.9,,,,,1205.4
7,1983,0,6,1983,9.4,-0.7,2.5,-0.1,,,,,1051.7
8,1983,0,7,1983,9.5,0.1,2.6,0.1,,,,,993.1
9,1983,0,8,1983,9.2,-0.3,2.9,0.3,,,,,980.4
10,1983,0,9,1983,8.8,-0.4,2.9,0,,,,,1126
11,1983,0,10,1983,8.5,-0.3,3.3,0.4,,,,,1050.2
12,1983,0,11,1983,8.3,-0.2,3.8,0.5,,,,,1054
1,1984,0,12,1983,8,-0.3,4.2,0.4,,,,,1056.9
2,1984,0,1,1984,7.8,-0.2,4.6,0.4,,,,,1158.9
3,1984,0,2,1984,7.8,0,4.8,0.2,,,,,1351.5
4,1984,0,3,1984,7.7,-0.1,4.6,-0.2,,,,,1245.8
5,1984,0,4,1984,7.4,-0.3,4.2,-0.4,,,,,1451.7
6,1984,0,5,1984,7.2,-0.2,4.2,0,,,,,1315.9
7,1984,0,6,1984,7.5,0.3,4.2,0,,,,,1237.2
8,1984,0,7,1984,7.5,0,4.3,0.1,,,,,1129.6
9,1984,0,8,1984,7.3,-0.2,4.3,0,,,,,1053.4
10,1984,0,9,1984,7.4,0.1,4.3,0,,,,,1266.5
11,1984,0,10,1984,7.2,-0.2,4.1,-0.2,,,,,1141.1
12,1984,0,11,1984,7.3,0.1,3.9,-0.2,,,,,1074.8
1,1985,0,12,1984,7.3,0,3.5,-0.4,,,,,1196.6
2,1985,0,1,1985,7.2,-0.1,3.5,0,,,,,1210.6
3,1985,0,2,1985,7.2,0,3.7,0.2,,,,,1391
4,1985,0,3,1985,7.3,0.1,3.7,0,,,,,1380.3
5,1985,0,4,1985,7.2,-0.1,3.8,0.1,,,,,1498.9
6,1985,0,5,1985,7.4,0.2,3.8,0,,,,,1332.9
7,1985,0,6,1985,7.4,0,3.6,-0.2,,,,,1337.6
8,1985,0,7,1985,7.1,-0.3,3.3,-0.3,,,,,1345.8
9,1985,0,8,1985,7.1,0,3.1,-0.2,,,,,1463.5
10,1985,0,9,1985,7.1,0,3.2,0.1,,,,,1243.2
11,1985,0,10,1985,7,-0.1,3.5,0.3,,,,,1120.9
12,1985,0,11,1985,7,0,3.8,0.3,,,,,1198.8
1,1986,0,12,1985,6.7,-0.3,3.9,0.1,,,,,1213.8
2,1986,0,1,1986,7.2,0.5,3.1,-0.8,,,,,1182.2
3,1986,0,2,1986,7.2,0,2.3,-0.8,,,,,1297.6
4,1986,0,3,1986,7.1,-0.1,1.6,-0.7,,,,,1390.1
5,1986,0,4,1986,7.2,0.1,1.5,-0.1,,,,,1530.3
6,1986,0,5,1986,7.2,0,1.8,0.3,,,,,1426.5
7,1986,0,6,1986,7,-0.2,1.6,-0.2,,,,,1378
8,1986,0,7,1986,6.9,-0.1,1.6,0,,,,,1344.1
9,1986,0,8,1986,7,0.1,1.8,0.2,,,,,1733.6
10,1986,0,9,1986,7,0,1.5,-0.3,,,,,1270.6
11,1986,0,10,1986,6.9,-0.1,1.3,-0.2,,,,,1119.9
12,1986,0,11,1986,6.6,-0.3,1.1,-0.2,,,,,1431.1
1,1987,0,12,1986,6.6,0,1.5,0.4,,,,,918.9
2,1987,0,1,1987,6.6,0,2.1,0.6,,,,,1148.4
3,1987,0,2,1987,6.6,0,3,0.9,,,,,1381.7
4,1987,0,3,1987,6.3,-0.3,3.8,0.8,,,,,1385.3
5,1987,0,4,1987,6.3,0,3.9,0.1,,,,,1298.5
6,1987,0,5,1987,6.2,-0.1,3.7,-0.2,,,,,1419.6
7,1987,0,6,1987,6.1,-0.1,3.9,0.2,,,,,1355.8
8,1987,0,7,1987,6,-0.1,4.3,0.4,,,,,1400.6
9,1987,0,8,1987,5.9,-0.1,4.4,0.1,,,,,1300.5
10,1987,0,9,1987,6,0.1,4.5,0.1,,,,,1193.2
11,1987,0,10,1987,5.8,-0.2,4.5,0,,,,,1110.7
12,1987,0,11,1987,5.7,-0.1,4.4,-0.1,,,,,1249.2
1,1988,0,12,1987,5.7,0,4,-0.4,,,,,1122.5
2,1988,0,1,1988,5.7,0,3.9,-0.1,,,,,1308.8
3,1988,0,2,1988,5.7,0,3.9,0,,,,,1505
4,1988,0,3,1988,5.4,-0.3,3.9,0,,,,,1333.5
5,1988,0,4,1988,5.6,0.2,3.9,0,,,,,1455.4
6,1988,0,5,1988,5.4,-0.2,4,0.1,,,,,1483.1
7,1988,0,6,1988,5.4,0,4.1,0.1,,,,,1302.8
8,1988,0,7,1988,5.6,0.2,4,-0.1,,,,,1317
9,1988,0,8,1988,5.4,-0.2,4.2,0.2,,,,,1223.2
10,1988,0,9,1988,5.4,0,4.2,0,,,,,1249.9
11,1988,0,10,1988,5.3,-0.1,4.2,0,,,,,1191.1
12,1988,0,11,1988,5.3,0,4.4,0.2,,,,,1285.2
1,1989,0,12,1988,5.4,0.1,4.7,0.3,,,,,1084.2
2,1989,0,1,1989,5.2,-0.2,4.8,0.1,,,,,1127.3
3,1989,0,2,1989,5,-0.2,5,0.2,,,,,1337.6
4,1989,0,3,1989,5.2,0.2,5.1,0.1,,,,,1354.8
5,1989,0,4,1989,5.2,0,5.4,0.3,,,,,1438.4
6,1989,0,5,1989,5.3,0.1,5.2,-0.2,,,,,1329.2
7,1989,0,6,1989,5.2,-0.1,5,-0.2,,,,,1279.1
8,1989,0,7,1989,5.2,0,4.7,-0.3,,,,,1441.9
9,1989,0,8,1989,5.3,0.1,4.3,-0.4,,,,,1263.8
10,1989,0,9,1989,5.3,0,4.5,0.2,,,,,1116.9
11,1989,0,10,1989,5.4,0.1,4.7,0.2,,,,,1047.6
12,1989,0,11,1989,5.4,0,4.6,-0.1,,,,,1011.9
1,1990,0,12,1989,5.4,0,5.2,0.6,,,209.8274827,167.9185791,1161.3
2,1990,0,1,1990,5.3,-0.1,5.3,0.1,,,208.4494563,160.9372711,1073.4
3,1990,0,2,1990,5.2,-0.1,5.2,-0.1,,,218.2793778,156.5280304,1295.2
4,1990,0,3,1990,5.4,0.2,4.7,-0.5,,,220.6679569,159.4675293,1226.3
5,1990,0,4,1990,5.4,0,4.4,-0.3,,,228.3160032,149.1792908,1332.1
6,1990,0,5,1990,5.2,-0.2,4.7,0.3,,,221.0583977,135.584137,1306.1
7,1990,1,6,1990,5.5,0.3,4.8,0.1,,,222.4593911,124.9284744,1244.4
8,1990,1,7,1990,5.7,0.2,5.6,0.8,,,222.7120293,116.8448563,1196.9
9,1990,1,8,1990,5.9,0.2,6.2,0.6,,,226.9150098,114.2728119,1144.8
10,1990,1,9,1990,5.9,0,6.3,0.1,,,224.802036,114.6402435,1169
11,1990,1,10,1990,6.2,0.3,6.3,0,,,211.8485881,112.8030701,1000.5
12,1990,1,11,1990,6.3,0.1,6.1,-0.2,,,213.8696934,113.1704941,987.2
1,1991,1,12,1990,6.4,0.1,5.7,-0.4,,,207.507805,111.3333206,839.3
2,1991,1,1,1991,6.6,0.2,5.3,-0.4,,,210.1260551,113.9053726,927.5
3,1991,1,2,1991,6.8,0.2,4.9,-0.4,,,213.3184829,119.4169235,1103.1
4,1991,0,3,1991,6.7,-0.1,4.9,0,,,215.8907988,120.8866653,1059.6
5,1991,0,4,1991,6.9,0.2,5,0.1,,,210.6542985,122.0367508,1174
6,1991,0,5,1991,6.9,0,4.7,-0.3,,,208.8628642,120.1517944,1175.3
7,1991,0,6,1991,6.8,-0.1,4.4,-0.3,,,199.1018441,118.2095871,1185.2
8,1991,0,7,1991,6.9,0.1,3.8,-0.6,,,208.0819826,125.3268433,1063
9,1991,0,8,1991,6.9,0,3.4,-0.4,,,216.2353053,135.372879,1062.2
10,1991,0,9,1991,7,0.1,2.9,-0.5,,,205.7393378,146.8871918,1047.6
11,1991,0,10,1991,7,0,3,0.1,,,205.6704365,149.5365295,932.1
12,1991,0,11,1991,7.3,0.3,3.1,0.1,,,204.1546075,160.8366699,961.5
1,1992,0,12,1991,7.3,0,2.6,-0.5,,,208.6102261,169.9547729,867.8
2,1992,0,1,1992,7.4,0.1,2.8,0.2,9.48,-5.00%,211.1595749,177.1306,988.5
3,1992,0,2,1992,7.4,0,3.2,0.4,9.521,5.30%,216.1434369,169.3507385,1128.4
4,1992,0,3,1992,7.4,0,3.2,0,9.6,10.40%,211.2973775,159.9311981,1144.9
5,1992,0,4,1992,7.6,0.2,3,-0.2,9.606,0.80%,220.3693845,149.6891174,1169.7
6,1992,0,5,1992,7.8,0.2,3.1,0.1,9.589,-2.10%,224.3886281,148.6657257,1297
7,1992,0,6,1992,7.7,-0.1,3.2,0.1,9.717,17.20%,208.1049497,136.3190155,1158.2
8,1992,0,7,1992,7.6,-0.1,3.1,-0.1,9.734,2.10%,202.8684495,128.1684875,1065.2
9,1992,0,8,1992,7.6,0,3,-0.1,9.715,-2.30%,202.8914166,138.7357941,1095.4
10,1992,0,9,1992,7.3,-0.3,3.2,0.2,9.749,4.30%,197.6778835,140.5812836,1132.2
11,1992,0,10,1992,7.4,0.1,3,-0.2,9.803,6.90%,205.2110943,147.5741882,988.6
12,1992,0,11,1992,7.4,0,2.9,-0.1,9.831,3.50%,208.9087985,147.827652,1070.7
1,1993,0,12,1992,7.3,-0.1,3.3,0.4,9.867,4.50%,212.3308973,155.6507721,915.3
2,1993,0,1,1993,7.1,-0.2,3.2,-0.1,9.852,-1.80%,210.0341867,148.8843842,976.1
3,1993,0,2,1993,7,-0.1,3.1,-0.1,9.868,2.00%,214.1223316,147.8996582,1228.9
4,1993,0,3,1993,7.1,0.1,3.2,0.1,9.831,-4.40%,217.682233,141.9924011,1273.5
5,1993,0,4,1993,7.1,0,3.2,0,9.87,4.90%,221.4947727,136.5808105,1342.2
6,1993,0,5,1993,7,-0.1,3,-0.2,9.928,7.30%,221.9081806,121.8177872,1383.1
7,1993,0,6,1993,6.9,-0.1,2.8,-0.2,9.925,-0.40%,258.8392874,127.5223999,1266.9
8,1993,0,7,1993,6.8,-0.1,2.8,0,9.904,-2.50%,246.643754,129.7970123,1158.8
9,1993,0,8,1993,6.7,-0.1,2.7,-0.1,9.943,4.80%,236.055918,131.2943115,1164.6
10,1993,0,9,1993,6.8,0.1,2.8,0.1,10.02,9.70%,226.0881939,135.9561615,1182.5
11,1993,0,10,1993,6.6,-0.2,2.7,-0.1,10.02,0.00%,243.9336355,146.5016022,1140.9
12,1993,0,11,1993,6.5,-0.1,2.7,0,10.11,11.30%,252.5233332,158.6453857,1152.7
1,1994,0,12,1993,6.6,0.1,2.5,-0.2,10.14,3.60%,255.6009255,153.2079773,1045.5
2,1994,0,1,1994,6.6,0,2.5,0,10.14,0.00%,249.675412,147.0375214,1170.9
3,1994,0,2,1994,6.5,-0.1,2.5,0,10.2,7.30%,250.5481621,141.0437775,1472.2
4,1994,0,3,1994,6.4,-0.1,2.4,-0.1,10.23,3.60%,242.7623131,140.4526672,1337.9
5,1994,0,4,1994,6.1,-0.3,2.3,-0.1,10.26,3.60%,250.2266226,140.1473541,1382.1
6,1994,0,5,1994,6.1,0,2.5,0.2,10.36,12.30%,249.6065107,139.3044281,1479.6
7,1994,0,6,1994,6.1,0,2.8,0.3,10.35,-1.20%,223.2402728,137.6004486,1219.5
8,1994,0,7,1994,6,-0.1,2.9,0.1,10.35,0.00%,214.0993645,146.0241241,1329.3
9,1994,0,8,1994,5.9,-0.1,3,0.1,10.43,9.70%,207.8752787,158.785141,1252.1
10,1994,0,9,1994,5.8,-0.1,2.6,-0.4,10.38,-5.60%,198.7114033,167.1880646,1291.8
11,1994,0,10,1994,5.6,-0.2,2.7,0.1,10.48,12.20%,205.3948312,161.9867706,1197.9
12,1994,0,11,1994,5.5,-0.1,2.7,0,10.47,-1.10%,206.3824168,164.6217499,1218.9
1,1995,0,12,1994,5.6,0.1,2.8,0.1,10.57,12.10%,202.5009758,156.213089,1031.5
2,1995,0,1,1995,5.4,-0.2,2.9,0.1,10.58,1.10%,203.6493311,154.420105,1128.7
3,1995,0,2,1995,5.4,0,2.9,0,10.5,-8.70%,209.3451735,150.3859863,1403.3
4,1995,0,3,1995,5.8,0.4,3.1,0.2,10.55,5.90%,211.2744104,148.978653,1216
5,1995,0,4,1995,5.6,-0.2,3.2,0.1,10.52,-3.40%,211.6418841,158.611557,1427.5
6,1995,0,5,1995,5.6,0,3,-0.2,10.55,3.50%,216.6487133,169.9807892,1477.2
7,1995,0,6,1995,5.7,0.1,2.8,-0.2,10.65,12.00%,226.9150098,190.0852814,1255.3
8,1995,0,7,1995,5.7,0,2.6,-0.2,10.6,-5.50%,218.9224568,184.3932953,1365.2
9,1995,0,8,1995,5.6,-0.1,2.5,-0.1,10.66,7.00%,232.587885,193.6712799,1214.4
10,1995,0,9,1995,5.5,-0.1,2.8,0.3,10.74,9.40%,240.9938459,203.791748,1226
11,1995,0,10,1995,5.6,0.1,2.6,-0.2,10.69,-5.40%,249.7443134,204.0673218,1169.1
12,1995,0,11,1995,5.6,0,2.5,-0.1,10.71,2.30%,263.9609521,208.924942,1202.6
1,1996,0,12,1995,5.6,0,2.7,0.2,10.81,11.80%,270.1161366,196.4283017,1050.6
2,1996,0,1,1996,5.5,-0.1,2.7,0,10.79,-2.20%,268.255801,206.166964,1237.9
3,1996,0,2,1996,5.5,0,2.8,0.1,10.8,1.10%,265.7753535,205.2571208,1404.4
4,1996,0,3,1996,5.6,0.1,2.9,0.1,10.86,6.90%,290.4190585,239.5162157,1359.3
5,1996,0,4,1996,5.6,0,2.9,0,11.01,17.90%,295.5177561,248.5948683,1522.9
6,1996,0,5,1996,5.3,-0.3,2.8,-0.1,10.97,-4.30%,284.6083807,215.2260275,1404.2
7,1996,0,6,1996,5.5,0.2,3,0.2,11.02,5.60%,288.7654269,196.3869106,1317.3
8,1996,0,7,1996,5.1,-0.4,2.9,-0.1,11.06,4.40%,296.2986377,181.4970117,1333.4
9,1996,0,8,1996,5.2,0.1,3,0.1,11.09,3.30%,297.4929273,170.9805289,1231.4
10,1996,0,9,1996,5.2,0,3,0,11.14,5.50%,259.8039059,169.5959849,1296.6
11,1996,0,10,1996,5.4,0.2,3.3,0.3,11.21,7.80%,255.279386,169.2658244,1146.4
12,1996,0,11,1996,5.4,0,3.3,0,11.23,2.20%,257.1626887,167.8310717,1151.8
1,1997,0,12,1996,5.3,-0.1,3,-0.3,11.19,-4.20%,268.0950313,167.7907526,1114.6
2,1997,0,1,1997,5.2,-0.1,3,0,11.26,7.80%,280.5432028,164.1707027,1177.4
3,1997,0,2,1997,5.2,0,2.8,-0.2,11.34,8.90%,305.875921,167.7085929,1425.9
4,1997,0,3,1997,5.1,-0.1,2.5,-0.3,11.26,-8.10%,313.3631977,175.56792,1310.3
5,1997,0,4,1997,4.9,-0.2,2.2,-0.3,11.51,30.10%,319.8399216,168.402905,1435.8
6,1997,0,5,1997,5,0.1,2.3,0.1,11.4,-10.90%,304.7734999,141.2006619,1355
7,1997,0,6,1997,4.9,-0.1,2.2,-0.1,11.5,11.00%,281.1633147,130.4080657,1376.6
8,1997,0,7,1997,4.8,-0.1,2.2,0,11.6,10.90%,267.5897549,139.3459816,1348.2
9,1997,0,8,1997,4.9,0.1,2.2,0,11.63,3.10%,255.2104847,138.239695,1238.5
10,1997,0,9,1997,4.7,-0.2,2.1,-0.1,11.63,0.00%,250.754866,136.2071748,1282
11,1997,0,10,1997,4.6,-0.1,1.8,-0.3,11.7,7.50%,265.4308469,135.3820398,1146.1
12,1997,0,11,1997,4.7,0.1,1.7,-0.1,11.68,-2.00%,254.5903728,129.7291066,1287.7
1,1998,0,12,1997,4.6,-0.1,1.6,-0.1,11.77,9.60%,246.000675,127.3502083,1044.1
2,1998,0,1,1998,4.6,0,1.4,-0.2,11.71,-5.90%,247.4246356,128.308884,1173
3,1998,0,2,1998,4.7,0.1,1.4,0,11.88,18.90%,240.1210958,128.2353967,1405.5
4,1998,0,3,1998,4.3,-0.4,1.4,0,11.91,3.10%,235.0912996,118.197695,1390.9
5,1998,0,4,1998,4.4,0.1,1.7,0.3,11.89,-2.00%,236.1477865,118.3496006,1543.9
6,1998,0,5,1998,4.5,0.1,1.7,0,11.92,3.10%,231.1179902,112.3688133,1606.6
7,1998,0,6,1998,4.5,0,1.7,0,12.02,10.50%,232.4271153,106.6205354,1264.9
8,1998,0,7,1998,4.5,0,1.6,-0.1,12,-2.00%,202.2483376,97.00328,1265.1
9,1998,0,8,1998,4.6,0.1,1.5,-0.1,12.06,6.20%,193.3371004,97.57113667,1314.4
10,1998,0,9,1998,4.5,-0.1,1.5,0,12.22,17.10%,200.7554757,112.1556683,1407.5
11,1998,0,10,1998,4.4,-0.1,1.5,0,12.26,4.00%,209.896384,115.6113226,1176.4
12,1998,0,11,1998,4.4,0,1.6,0.1,12.31,5.00%,204.912522,111.8045875,1375
1,1999,0,12,1998,4.3,-0.1,1.7,0.1,12.29,-1.90%,195.0366663,111.8932135,1123.7
2,1999,0,1,1999,4.4,0.1,1.6,-0.1,12.32,3.00%,179.6716722,104.278526,1325.7
3,1999,0,2,1999,4.2,-0.2,1.7,0.1,12.41,9.10%,175.0552838,104.5756704,1580.2
4,1999,0,3,1999,4.3,0.1,2.3,0.6,12.48,7.00%,177.5357313,102.3311117,1451.7
5,1999,0,4,1999,4.2,-0.1,2.1,-0.2,12.47,-1.00%,171.4494482,99.61033063,1632.6
6,1999,0,5,1999,4.3,0.1,2,-0.1,12.51,3.90%,170.0025205,99.94277333,1651.4
7,1999,0,6,1999,4.3,0,2.1,0.1,12.51,0.00%,158.3122634,93.01396762,1529
8,1999,0,7,1999,4.2,-0.1,2.3,0.2,12.62,11.10%,172.0006587,98.02208167,1523.6
9,1999,0,8,1999,4.2,0,2.6,0.3,12.66,3.90%,180.6362907,94.79866,1442.5
10,1999,0,9,1999,4.1,-0.1,2.6,0,12.71,4.80%,178.1788103,88.55223667,1396.8
11,1999,0,10,1999,4.1,0,2.6,0,12.78,6.80%,171.19681,91.67544833,1317.2
12,1999,0,11,1999,4,-0.1,2.7,0.1,12.86,7.80%,169.9565863,90.43734652,1440.6
1,2000,0,12,1999,4,0,2.7,0,13,13.90%,180.3836525,93.62286267,1239.3
2,2000,0,1,2000,4.1,0.1,3.2,0.5,12.86,-12.20%,185.7579554,98.16682944,1539.3
3,2000,0,2,2000,4,-0.1,3.8,0.6,12.92,5.70%,190.9714885,96.39621072,1713
4,2000,0,3,2000,3.8,-0.2,3.1,-0.7,12.99,6.70%,197.1037058,94.43122333,1538.9
5,2000,0,4,2000,4,0.2,3.2,0.1,13.16,16.90%,200.8703113,99.11204696,1664.9
6,2000,0,5,2000,4,0,3.7,0.5,13.14,-1.80%,186.9522449,103.366615,1662.7
7,2000,0,6,2000,4,0,3.7,0,13.18,3.70%,169.4972441,97.12575889,1468.6
8,2000,0,7,2000,4.1,0.1,3.4,-0.3,13.1,-7.00%,167.8665796,96.65181884,1578.8
9,2000,0,8,2000,3.9,-0.2,3.5,0.1,13.21,10.60%,180.4525538,103.4421702,1506.3
10,2000,0,9,2000,3.9,0,3.4,-0.1,13.23,1.80%,173.6083561,107.775855,1367.7
11,2000,0,10,2000,3.9,0,3.4,0,13.28,4.60%,177.1912247,105.0367817,1260.9
12,2000,0,11,2000,3.9,0,3.4,0,13.26,-1.80%,185.9646593,113.7400202,1271.2
1,2001,0,12,2000,4.2,0.3,3.7,0.3,13.24,-1.80%,175.4227575,109.479425,1196.3
2,2001,0,1,2001,4.2,0,3.5,-0.2,13.25,0.90%,167.4531717,103.3231907,1381.5
3,2001,1,2,2001,4.3,0.1,2.9,-0.6,13.22,-2.70%,164.3755794,105.571235,1627.8
4,2001,1,3,2001,4.4,0.1,3.3,0.4,13.19,-2.70%,158.6108358,106.1542027,1377
5,2001,1,4,2001,4.3,-0.1,3.6,0.3,13.29,9.50%,163.8703031,110.7741672,1635.2
6,2001,1,5,2001,4.5,0.2,3.2,-0.4,13.35,5.60%,170.2321915,109.4261387,1652.2
7,2001,1,6,2001,4.6,0.1,2.7,-0.5,13.26,-7.80%,186.6536725,108.3437117,1374.6
8,2001,1,7,2001,4.9,0.3,2.7,0,13.21,-4.40%,182.7492644,104.2242093,1478.2
9,2001,1,8,2001,5,0.1,2.6,-0.1,13.36,14.50%,172.3451653,103.176216,1312.5
10,2001,1,9,2001,5.3,0.3,2.1,-0.5,13.16,-16.60%,160.6319411,104.8312786,1753.2
11,2001,1,10,2001,5.5,0.2,1.9,-0.2,13.26,9.50%,162.561178,106.8015911,1347.9
12,2001,0,11,2001,5.7,0.2,1.6,-0.3,13.19,-6.20%,160.1496319,104.3703852,1336.1
1,2002,0,12,2001,5.7,0,1.1,-0.5,13.39,19.80%,160.0577635,106.1891967,1129.999
2,2002,0,1,2002,5.7,0,1.1,0,13.43,3.60%,160.1955661,103.837602,1328.755
3,2002,0,2,2002,5.7,0,1.5,0.4,13.35,-6.90%,168.6933954,102.5515737,1541.215
4,2002,0,3,2002,5.9,0.2,1.6,0.1,13.41,5.50%,171.3575797,104.8029583,1471.801
5,2002,0,4,2002,5.8,-0.1,1.2,-0.4,13.46,4.60%,176.6400142,104.0964052,1538.496
6,2002,0,5,2002,5.8,0,1.1,-0.1,13.46,0.00%,185.3675145,115.411857,1563.938
7,2002,0,6,2002,5.8,0,1.5,0.4,13.51,4.50%,209.0925353,132.6446367,1551.996
8,2002,0,7,2002,5.7,-0.1,1.8,0.3,13.59,7.30%,208.2197853,149.61353,1734.956
9,2002,0,8,2002,5.7,0,1.5,-0.3,13.51,-6.80%,208.2197853,173.3426217,1250.986
10,2002,0,9,2002,5.7,0,2,0.5,13.52,0.90%,200.0894297,180.0439667,1331.09
11,2002,0,10,2002,5.9,0.2,2.2,0.2,13.5,-1.80%,210.2179235,164.279184,1227.557
12,2002,0,11,2002,6,0.1,2.4,0.2,13.54,3.60%,208.2427524,149.1959883,1467.708
1,2003,0,12,2002,5.8,-0.2,2.6,0.2,13.63,8.30%,208.6735963,140.4832856,1108.279
2,2003,0,1,2003,5.9,0.1,3,0.4,13.61,-1.70%,209.6131391,141.6565044,1237.619
3,2003,0,2,2003,5.9,0,3,0,13.68,6.30%,210.2220808,129.2458475,1474.819
4,2003,0,3,2003,6,0.1,2.2,-0.8,13.62,-5.10%,221.7088613,126.0482737,1436.733
5,2003,0,4,2003,6.1,0.1,2.1,-0.1,13.69,6.30%,232.412651,131.0524111,1601.145
6,2003,0,5,2003,6.3,0.2,2.1,0,13.7,0.90%,229.7749783,118.1571338,1502.328
7,2003,0,6,2003,6.2,-0.1,2.1,0,13.87,15.90%,214.0320525,115.7759533,1538.781
8,2003,0,7,2003,6.1,-0.1,2.2,0.1,13.91,3.50%,208.2186743,133.4844919,1656.167
9,2003,0,8,2003,6.1,0,2.3,0.1,13.99,7.10%,231.6996483,130.6499805,1329.499
10,2003,0,9,2003,6,-0.1,2,-0.3,14.07,7.10%,268.9878473,130.0566045,1333.497
11,2003,0,10,2003,5.8,-0.2,1.8,-0.2,14.08,0.90%,279.7210856,141.347084,1285.36
12,2003,0,11,2003,5.7,-0.1,1.9,0.1,14.16,7.00%,283.1853661,145.0674954,1463.264
1,2004,0,12,2003,5.7,0,1.9,0,14.2,3.40%,300.8987523,147.2896124,1149.668
2,2004,0,1,2004,5.6,-0.1,1.7,-0.2,14.11,-7.30%,316.5518102,141.7338595,1303.718
3,2004,0,2,2004,5.8,0.2,1.7,0,14.23,10.70%,360.6753604,142.548725,1540.321
4,2004,0,3,2004,5.6,-0.2,2.3,0.6,14.32,7.90%,363.5045493,146.0648235,1455.643
5,2004,0,4,2004,5.6,0,3.1,0.8,14.27,-4.10%,347.8709798,143.1842674,1660.854
6,2004,0,5,2004,5.6,0,3.3,0.2,14.4,11.50%,320.2296963,136.8614098,1480.758
7,2004,0,6,2004,5.5,-0.1,3,-0.3,14.31,-7.20%,289.785314,132.387431,1589.173
8,2004,0,7,2004,5.4,-0.1,2.7,-0.3,14.44,11.50%,225.7900365,122.05578,1463.409
9,2004,0,8,2004,5.4,0,2.5,-0.2,14.47,2.50%,206.447103,126.8207655,1470.081
10,2004,0,9,2004,5.5,0.1,3.2,0.7,14.49,1.70%,193.4337093,123.0562894,1370.093
11,2004,0,10,2004,5.4,-0.1,3.5,0.3,14.58,7.70%,195.8176755,127.1330867,1231.197
12,2004,0,11,2004,5.4,0,3.3,-0.2,14.59,0.80%,198.59095,123.554573,1583.603
1,2005,0,12,2004,5.3,-0.1,3,-0.3,14.65,5.00%,195.6647955,122.7789622,1095.851
2,2005,0,1,2005,5.4,0.1,3,0,14.78,11.20%,197.5892468,123.1299609,1286.074
3,2005,0,2,2005,5.2,-0.2,3.1,0.1,14.75,-2.40%,233.1805307,129.9556683,1615.983
4,2005,0,3,2005,5.2,0,3.5,0.4,14.78,2.50%,228.7645265,120.0643051,1542.051
5,2005,0,4,2005,5.1,-0.1,2.8,-0.7,14.81,2.50%,233.462471,119.1544619,1537.321
6,2005,0,5,2005,5,-0.1,2.5,-0.3,14.78,-2.40%,254.7424019,122.4733217,1720.006
7,2005,0,6,2005,5,0,3.2,0.7,14.93,12.90%,253.3478115,130.1644392,1845.713
8,2005,0,7,2005,4.9,-0.1,3.6,0.4,14.95,1.60%,230.4269317,131.5583022,1524.158
9,2005,0,8,2005,5,0.1,4.7,1.1,15,4.10%,212.0155233,137.3863194,1366.93
10,2005,0,9,2005,5,0,4.3,-0.4,14.96,-3.20%,211.1669188,143.0728392,1184.16
11,2005,0,10,2005,5,0,3.5,-0.8,14.99,2.40%,210.9000895,136.3539973,1200.786
12,2005,0,11,2005,4.9,-0.1,3.4,-0.1,15.02,2.40%,216.542872,139.99337,1525.713
1,2006,0,12,2005,4.7,-0.2,4,0.6,15.19,14.50%,214.0090877,144.5679565,1176.162
2,2006,0,1,2006,4.8,0.1,3.6,-0.4,15.24,4.00%,214.3656466,158.8873502,1298.13
3,2006,0,2,2006,4.7,-0.1,3.4,-0.2,15.22,-1.60%,212.714072,155.7931467,1576.647
4,2006,0,3,2006,4.7,0,3.5,0.1,15.35,10.70%,208.9024386,161.2080028,1489.804
5,2006,0,4,2006,4.6,-0.1,4.2,0.7,15.26,-6.80%,217.3556872,176.6034233,1533.712
6,2006,0,5,2006,4.6,0,4.3,0.1,15.33,5.60%,216.5039014,176.920755,1545.268
7,2006,0,6,2006,4.7,0.1,4.1,-0.2,15.32,-0.80%,217.2517192,181.3483668,1531.114
8,2006,0,7,2006,4.7,0,3.8,-0.3,15.27,-3.80%,203.8436635,165.1293783,1530.014
9,2006,0,8,2006,4.5,-0.2,2.1,-1.7,15.33,4.80%,199.3070147,164.9423197,1394.215
10,2006,0,9,2006,4.4,-0.1,1.3,-0.8,15.39,4.80%,217.8859656,182.432305,1260.626
11,2006,0,10,2006,4.5,0.1,2,0.7,15.39,0.00%,244.0000393,182.3010776,1236.584
12,2006,0,11,2006,4.4,-0.1,2.5,0.5,15.5,8.90%,243.3075955,179.5295553,1476.413
1,2007,0,12,2006,4.6,0.2,2.1,-0.4,15.48,-1.50%,255.8673795,172.5666305,1124.216
2,2007,0,1,2007,4.5,-0.1,2.4,0.3,15.46,-1.50%,278.038611,175.26729,1285.136
3,2007,0,2,2007,4.4,-0.1,2.8,0.4,15.56,8.00%,276.9598142,173.313195,1574.877
4,2007,0,3,2007,4.5,0.1,2.6,-0.2,15.46,-7.40%,270.3922953,178.5558482,1365.965
5,2007,0,4,2007,4.4,-0.1,2.7,0.1,15.58,9.70%,283.2062432,178.0063633,1590.262
6,2007,0,5,2007,4.6,0.2,2.7,0,15.58,0.00%,302.8293275,206.5169037,1481.21
7,2007,0,6,2007,4.7,0.1,2.4,-0.3,15.59,0.80%,313.476252,222.0017346,1331.024
8,2007,0,7,2007,4.6,-0.1,2,-0.4,15.54,-3.80%,309.0065292,240.6869922,1500.386
9,2007,0,8,2007,4.7,0.1,2.8,0.8,15.72,14.80%,347.5615591,297.9524591,1335.814
10,2007,0,9,2007,4.7,0,3.5,0.7,15.74,1.50%,358.4028425,303.6304907,1256.533
11,2007,0,10,2007,4.7,0,4.3,0.8,15.73,-0.80%,389.0151753,286.4956181,1200.511
12,2007,1,11,2007,5,0.3,4.1,-0.2,15.76,2.30%,423.0807407,339.2256959,1414.147
1,2008,1,12,2007,5,0,4.3,0.2,15.8,3.10%,461.7152103,336.1170651,1063.408
2,2008,1,1,2008,4.9,-0.1,4,-0.3,15.82,1.50%,508.2158936,393.8737348,1196.431
3,2008,1,2,2008,5.1,0.2,4,0,15.59,-16.10%,495.6908849,403.8128967,1378.605
4,2008,1,3,2008,5,-0.1,3.9,-0.1,15.61,1.60%,482.7913409,326.8516167,1272.999
5,2008,1,4,2008,5.4,0.4,4.2,0.3,15.66,3.90%,489.0892668,288.4202863,1420.485
6,2008,1,5,2008,5.6,0.2,5,0.8,15.69,2.30%,552.4721493,314.15835,1212.54
7,2008,1,6,2008,5.8,0.2,5.6,0.6,15.91,18.20%,554.1492765,299.42748,1156.003
8,2008,1,7,2008,6.1,0.3,5.4,-0.2,15.78,-9.40%,471.0673568,304.1640727,1269.113
9,2008,1,8,2008,6.1,0,4.9,-0.5,15.71,-5.20%,433.383193,263.0496594,984.592
10,2008,1,9,2008,6.5,0.4,3.7,-1.2,15.52,-13.60%,338.7849018,202.774935,859.026
11,2008,1,10,2008,6.8,0.3,1.1,-2.6,15.4,-8.90%,329.1365274,194.1146296,763.936
12,2008,1,11,2008,7.3,0.5,0.1,-1,15.42,1.60%,318.8142288,188.8449497,916.12
1,2009,1,12,2008,7.8,0.5,0,-0.1,15.16,-18.50%,364.7179662,211.2760833,670.466
2,2009,1,1,2009,8.3,0.5,0.2,0.2,15.2,3.20%,341.2716178,195.2249026,701.635
3,2009,1,2,2009,8.7,0.4,-0.4,-0.6,15.15,-3.90%,333.6578485,199.1005683,872.848
4,2009,1,3,2009,9,0.3,-0.7,-0.3,15.12,-2.40%,374.4664198,200.8876467,832.588
5,2009,1,4,2009,9.4,0.4,-1.3,-0.6,15.12,0.00%,422.3550526,227.186091,938.41
6,2009,1,5,2009,9.5,0.1,-1.4,-0.1,15.14,1.60%,445.1081713,227.3146938,874.874
7,2009,0,6,2009,9.5,0,-2.1,-0.7,15.14,0.00%,398.0887616,195.3259917,1011.769
8,2009,0,7,2009,9.6,0.1,-1.5,0.6,15.13,-0.80%,408.957381,179.5540511,1274.678
9,2009,0,8,2009,9.8,0.2,-1.3,0.2,15.22,7.40%,349.0520273,156.9304506,759.633
10,2009,0,9,2009,10,0.2,-0.2,1.1,15.22,0.00%,354.864809,163.7264383,853.942
11,2009,0,10,2009,9.9,-0.1,1.8,2,15.42,17.00%,370.7071893,177.6072814,761.865
12,2009,0,11,2009,9.9,0,2.7,0.9,15.36,-4.60%,379.2993695,171.1554987,1049.27
1,2010,0,12,2009,9.8,-0.1,2.6,-0.1,15.28,-6.10%,358.9666102,167.8218628,712.469
2,2010,0,1,2010,9.8,0,2.1,-0.5,15.36,6.50%,344.6607407,160.1615604,793.362
3,2010,0,2,2010,9.9,0.1,2.3,0.2,15.39,2.40%,348.9493275,156.464118,1083.953
4,2010,0,3,2010,9.9,0,2.2,-0.1,15.49,8.10%,357.63868,156.8254687,997.334
5,2010,0,4,2010,9.6,-0.3,2,-0.2,15.55,4.70%,349.0513711,158.3284597,1117.57
6,2010,0,5,2010,9.4,-0.2,1.1,-0.9,15.52,-2.30%,348.5139945,149.21269,1000.455
7,2010,0,6,2010,9.4,0,1.2,0.1,15.6,6.40%,370.9757683,182.7385022,1065.748
8,2010,0,7,2010,9.5,0.1,1.1,-0.1,15.67,5.50%,379.4622109,219.8774417,1011.564
9,2010,0,8,2010,9.5,0,1.1,0,15.64,-2.30%,390.2312168,240.4321828,973.954
10,2010,0,9,2010,9.4,-0.1,1.2,0.1,15.7,4.70%,427.1761323,234.5995632,965.135
11,2010,0,10,2010,9.8,0.4,1.1,-0.1,15.75,3.90%,459.961136,241.8401333,888.085
12,2010,0,11,2010,9.3,-0.5,1.5,0.4,15.7,-3.70%,483.755863,274.4568182,1162.897
1,2011,0,12,2010,9.1,-0.2,1.6,0.1,15.8,7.90%,511.104867,295.9886068,836.366
2,2011,0,1,2011,9,-0.1,2.1,0.5,15.65,-10.80%,512.0524677,317.6006514,1007.082
3,2011,0,2,2011,9,0,2.7,0.6,15.64,-0.80%,498.7398132,285.3758111,1276.843
4,2011,0,3,2011,9.1,0.1,3.2,0.5,15.85,17.40%,501.4688317,307.2544084,1173.52
5,2011,0,4,2011,9,-0.1,3.6,0.4,15.89,3.10%,498.7651078,307.1945503,1081.272
6,2011,0,5,2011,9.1,0.1,3.6,0,15.82,-5.20%,499.7727759,285.29787,1071.229
7,2011,0,6,2011,9,-0.1,3.6,0,15.77,-3.70%,501.8270828,271.4622093,1086.064
8,2011,0,7,2011,9,0,3.8,0.2,15.81,3.10%,501.4237008,288.6883083,1094.479
9,2011,0,8,2011,9,0,3.9,0.1,15.89,6.20%,490.9089548,272.3405579,1076.037
10,2011,0,9,2011,8.8,-0.2,3.5,-0.4,15.76,-9.40%,446.016027,251.5891348,1048.258
11,2011,0,10,2011,8.6,-0.2,3.4,-0.1,16.03,22.60%,428.8252245,244.5378502,1028.774
12,2011,0,11,2011,8.5,-0.1,3,-0.4,15.99,-3.00%,420.0461048,236.0596865,1268.462
1,2012,0,12,2011,8.3,-0.2,2.9,-0.1,15.99,0.00%,441.7327614,243.7023692,938.17
2,2012,0,1,2012,8.3,0,2.9,0,16.03,3.00%,461.5559876,245.9804765,1175.82
3,2012,0,2,2012,8.2,-0.1,2.7,-0.2,16.27,19.50%,496.2904752,243.4935983,1434.004
4,2012,0,3,2012,8.2,0,2.3,-0.4,16.09,-12.50%,529.4216015,228.0863108,1204.471
5,2012,0,4,2012,8.2,0,1.7,-0.6,16.18,6.90%,520.9254559,228.87964,1369.493
6,2012,0,5,2012,8.2,0,1.7,0,16.22,3.00%,522.3291925,241.9657935,1310.158
7,2012,0,6,2012,8.2,0,1.4,-0.3,16.19,-2.20%,609.4467555,310.7464381,1171.809
8,2012,0,7,2012,8.1,-0.1,1.7,0.3,16.26,5.30%,622.9135498,315.5482191,1305.342
9,2012,0,8,2012,7.8,-0.3,2,0.3,16.18,-5.70%,615.1813973,316.6530516,1206.182
10,2012,0,9,2012,7.8,0,2.2,0.2,16.22,3.00%,565.5254818,318.4078349,1119.148
11,2012,0,10,2012,7.7,-0.1,1.8,-0.4,16.16,-4.30%,533.028608,319.4599362,1169.803
12,2012,0,11,2012,7.9,0.2,1.7,-0.1,16.23,5.30%,534.7907746,303.0385561,1375.084
1,2013,0,12,2012,8,0.1,1.6,-0.1,16.33,7.60%,526.047305,288.2103225,1065.798
2,2013,0,1,2013,7.7,-0.3,2,0.4,16.45,9.20%,536.3758301,271.6785887,1217.858
3,2013,0,2,2013,7.5,-0.2,1.5,-0.5,16.32,-9.10%,536.0813971,263.341859,1479.427
4,2013,0,3,2013,7.6,0.1,1.1,-0.4,16.38,4.50%,517.7897151,264.1702617,1313.768
5,2013,0,4,2013,7.5,-0.1,1.4,0.3,16.39,0.70%,542.1992231,276.0451467,1473.275
6,2013,0,5,2013,7.5,0,1.8,0.4,16.36,-2.20%,560.1577065,266.8508792,1425.802
7,2013,0,6,2013,7.3,-0.2,2,0.2,16.46,7.60%,548.3496175,257.4728933,1335.833
8,2013,0,7,2013,7.2,-0.1,1.5,-0.5,16.49,2.20%,498.0483272,258.9259383,1527.483
9,2013,0,8,2013,7.2,0,1.2,-0.3,16.55,4.50%,503.2371222,257.499616,1152.814
10,2013,0,9,2013,7.2,0,1,-0.2,16.55,0.00%,472.8275169,278.1495567,1235.532
11,2013,0,10,2013,6.9,-0.3,1.2,0.2,16.63,6.00%,476.6622412,259.7777233,1271.446
12,2013,0,11,2013,6.7,-0.2,1.5,0.3,16.7,5.20%,488.6693388,246.1125787,1383.676
1,2014,0,12,2013,6.6,-0.1,1.6,0.1,16.66,-2.80%,476.1021185,229.9803594,1043.019
2,2014,0,1,2014,6.7,0.1,1.1,-0.5,16.56,-7.00%,496.7989975,242.7982816,1221.37
3,2014,0,2,2014,6.7,0,1.5,0.4,16.64,6.00%,522.0011238,275.612494,1562.748
4,2014,0,3,2014,6.2,-0.5,2,0.5,16.65,0.70%,547.1880553,276.3823613,1408.232
5,2014,0,4,2014,6.3,0.1,2.1,0.1,16.77,9.00%,546.0332533,287.9128738,1644.367
6,2014,0,5,2014,6.1,-0.2,2.1,0,16.84,5.10%,528.0025948,261.6499006,1451.814
7,2014,0,6,2014,6.2,0.1,2,-0.1,16.91,5.10%,463.2336715,238.549905,1473.962
8,2014,0,7,2014,6.1,-0.1,1.7,-0.3,17,6.60%,432.9851363,229.1580011,1607.315
9,2014,0,8,2014,5.9,-0.2,1.7,0,17.1,7.30%,368.8498828,211.1711014,1272.036
10,2014,0,9,2014,5.7,-0.2,1.7,0,17.04,-4.10%,354.4409131,210.7249283,1312.329
11,2014,0,10,2014,5.8,0.1,1.3,-0.4,17.14,7.30%,379.3448596,215.9879182,1324.117
12,2014,0,11,2014,5.6,-0.2,0.8,-0.5,17.15,0.70%,378.7816174,234.8588367,1538.534
1,2015,0,12,2014,5.7,0.1,-0.1,-0.9,17.13,-1.40%,367.4921156,213.0214075,1177.91
2,2015,0,1,2015,5.5,-0.2,0,0.1,17.26,9.50%,364.7392389,201.7420688,1285.147
3,2015,0,2,2015,5.4,-0.1,-0.1,-0.1,17.36,7.20%,359.5955604,202.6914267,1579.627
4,2015,0,3,2015,5.4,0,-0.2,-0.1,17.22,-9.30%,356.9256773,195.9312283,1479.335
5,2015,0,4,2015,5.6,0.2,0,0.2,17.4,13.30%,351.9495305,193.2165712,1668.452
6,2015,0,5,2015,5.3,-0.3,0.1,0.1,17.38,-1.40%,354.8230548,199.8354417,1518.66
7,2015,0,6,2015,5.2,-0.1,0.2,0.1,17.44,4.20%,372.3472945,199.21748,1546.818
8,2015,0,7,2015,5.1,-0.1,0.2,0,17.44,0.00%,347.0223753,173.5175916,1598.265
9,2015,0,8,2015,5,-0.1,0,-0.2,17.44,0.00%,323.554524,164.0692202,1474.925
10,2015,0,9,2015,5,0,0.2,0.2,17.51,4.90%,327.4197704,165.4514819,1486.42
11,2015,0,10,2015,5.1,0.1,0.5,0.3,17.48,-2.00%,319.0822908,157.8043789,1358.777
12,2015,0,11,2015,5,-0.1,0.7,0.2,17.44,-2.70%,323.3153321,163.893455,1671.288
1,2016,0,12,2015,4.9,-0.1,1.4,0.7,17.48,2.80%,323.2043538,164.6116267,1188.775
2,2016,0,1,2016,4.9,0,1,-0.4,17.51,2.10%,320.1294863,159.283795,1374.272
3,2016,0,2,2016,5,0.1,0.9,-0.1,17.51,0.00%,326.9354216,164.0604717,1614.069
4,2016,0,3,2016,5,0,1.1,0.2,17.66,10.80%,353.8024628,163.3868378,1524.1
5,2016,0,4,2016,4.8,-0.2,1,-0.1,17.65,-0.70%,388.5121365,157.5603421,1552.659
6,2016,0,5,2016,4.9,0.1,1,0,17.61,-2.70%,421.2289417,156.6950367,1548.86
7,2016,0,6,2016,4.8,-0.1,0.8,-0.2,17.66,3.50%,390.4018125,133.710203,1546.818
8,2016,0,7,2016,4.9,0.1,1.1,0.3,17.62,-2.70%,370.3165878,127.899911,1539.79
9,2016,0,8,2016,5,0.1,1.5,0.4,17.76,10.00%,355.9021028,123.2487562,1462.065
10,2016,0,9,2016,4.9,-0.1,1.6,0.1,17.82,4.10%,358.3866768,122.5585002,1397.057
11,2016,0,10,2016,4.7,-0.2,1.7,0.1,17.73,-5.90%,368.3730895,122.5497977,1399.375
12,2016,0,11,2016,4.7,0,2.1,0.4,17.86,9.20%,375.2887788,122.8463256,1717.933
1,2017,0,12,2016,4.7,0,2.5,0.4,17.88,1.40%,379.5899788,137.1457358,1164.323
2,2017,0,1,2017,4.6,-0.1,2.7,0.2,17.86,-1.30%,380.872624,147.3614421,1352.076
3,2017,0,2,2017,4.4,-0.2,2.4,-0.3,17.91,3.40%,366.0950562,146.4314994,1582.674
4,2017,0,3,2017,4.4,0,2.2,-0.2,18,6.20%,347.8613104,138.4075907,1449.717
5,2017,0,4,2017,4.4,0,1.9,-0.3,17.88,-7.70%,350.1799873,146.4402133,1543.862
6,2017,0,5,2017,4.3,-0.1,1.6,-0.3,18.05,12.00%,339.7289099,157.2461917,1502.804
7,2017,0,6,2017,4.3,0,1.7,0.1,18.13,5.50%,365.4528402,174.5324167,1441.011
8,2017,0,7,2017,4.4,0.1,1.9,0.2,18.13,0.00%,345.4107494,139.0508151,1512.07
9,2017,0,8,2017,4.2,-0.2,2.2,0.3,18.15,1.30%,353.8602029,138.4133923,1553.133
10,2017,0,9,2017,4.1,-0.1,2,-0.2,18.21,4.00%,358.2761275,133.344516,1385.649
11,2017,0,10,2017,4.2,0.1,2.2,0.2,18.23,1.30%,361.4092835,138.0459557,1424.527
12,2017,0,11,2017,4.1,-0.1,2.1,-0.1,18.35,8.20%,357.153357,147.1032695,1639.555
1,2018,0,12,2017,4.1,0,2.1,0,18.38,2.00%,356.868812,156.3880441,1181.715
2,2018,0,1,2018,4.1,0,2.2,0.1,18.41,2.00%,371.2322374,172.2891191,1328.14
3,2018,0,2,2018,4,-0.1,2.4,0.2,18.45,2.60%,381.8938963,180.9188159,1687.609
4,2018,0,3,2018,4,0,2.5,0.1,18.45,0.00%,381.2683785,180.3764094,1391.226
5,2018,0,4,2018,3.8,-0.2,2.8,0.3,18.52,4.60%,374.8483713,192.70383,1626.484
6,2018,0,5,2018,4,0.2,2.9,0.1,18.66,9.50%,339.9579615,193.0792198,1586.664
7,2018,0,6,2018,3.8,-0.2,2.9,0,18.61,-3.20%,312.5620338,196.8060775,1403.118
8,2018,0,7,2018,3.8,0,2.7,-0.2,18.74,8.70%,316.6588042,211.2920588,1527.416
9,2018,0,8,2018,3.7,-0.1,2.3,-0.4,18.72,-1.30%,306.4327886,191.1444218,1474.997
10,2018,0,9,2018,3.8,0.1,2.5,0.2,18.74,1.30%,315.8520403,188.4616067,1405.908
11,2018,0,10,2018,3.7,-0.1,2.2,-0.3,18.83,5.90%,322.2816173,181.5523909,1422.219
12,2018,0,11,2018,3.9,0.2,1.9,-0.3,18.75,-5.00%,330.4820237,188.5358363,1665.906
1,2019,0,12,2018,4,0.1,1.6,-0.3,18.77,1.30%,333.7771463,188.8449497,1171.495
2,2019,0,1,2019,3.8,-0.2,1.5,-0.1,19,15.70%,334.5030415,177.9167018,1288.278
3,2019,0,2,2019,3.8,0,1.9,0.4,18.9,-6.10%,329.2366748,164.5066448,1642.746
4,2019,0,3,2019,3.6,-0.2,2,0.1,18.88,-1.30%,324.254404,159.0300887,1372.696
5,2019,0,4,2019,3.6,0,1.8,-0.2,18.99,7.20%,305.3109191,158.281695,1628.074
6,2019,0,5,2019,3.7,0.1,1.6,-0.2,19.03,2.60%,326.6147493,174.6977632,1554.747
7,2019,0,6,2019,3.7,0,1.8,0.2,19.04,0.60%,325.469849,163.8767533,1443.903
8,2019,0,7,2019,3.7,0,1.7,-0.1,19.11,4.50%,314.6262821,149.363005,1685.339
9,2019,0,8,2019,3.5,-0.2,1.7,0,19.09,-1.20%,322.4535253,146.5704863,1315.678
10,2019,0,9,2019,3.6,0.1,1.8,0.1,19.16,4.50%,339.8712372,153.22109,1380.174
11,2019,0,10,2019,3.5,-0.1,2.1,0.3,19.19,1.90%,332.9576305,157.5282643,1438.444
12,2019,0,11,2019,3.5,0,2.3,0.2,19.22,1.90%,334.9494453,165.2546408,1558.43
1,2020,0,12,2019,3.6,0.1,2.5,0.2,19.26,2.50%,337.079705,178.2417773,1167.861
2,2020,0,1,2020,3.5,-0.1,2.3,-0.2,19.25,-0.60%,325.4283146,172.2311028,1383.188
3,2020,1,2,2020,4.4,0.9,1.5,-0.8,19.37,7.70%,319.3361564,170.8747517,1025.066
4,2020,1,3,2020,14.7,10.3,0.3,-1.2,,,309.994349,179.7465179,728.962
